research_area,exclusion_reason,is_permanent_ban
Additional AMR variants (new pair/threshold on existing Asian-range mean-reversion mechanism),"AMR mechanism already live and extensively diagnosed (Phase20-24 AMR regime mechanism work); a new pair variant is a parameter/instrument substitution of an already-deployed mechanism, not new information",NO -- Phase40 research-priority decision only
Additional JPY AMR/ARB variants,"JPY concentration is one of the portfolio's known gaps (Gap5); another JPY-linked mean-reversion or breakout variant would deepen the concentration this project is trying to reduce, not solve it",NO -- Phase40 research-priority decision only
Additional generic breakouts (single-pair, single-session, no differentiation from H2's Asian-range or Phase35's NY-ORB),"Phase35 (NY-ORB, A.REJECTED) and Phase38 (Asian-range breakout, B.REJECTED) both tested this mechanism family; a further generic breakout variant shares the same return driver already tested twice (see phase39_structural_duplication.csv)",NO -- Phase40 research-priority decision only
Additional generic momentum (single-pair, no cross-sectional or macro conditioning),"Phase35 H2 (NY momentum) and H4 (MTF trend) both tested this mechanism family and both failed; a further single-pair momentum variant is a near-duplicate by return driver",NO -- Phase40 research-priority decision only
Additional NY breakout variants,"Phase35 H1 (NY-ORB) already tested and rejected (A. REJECTED -- NO EDGE, 306 OOS trades) -- a parameter or pair variant of the same mechanism is LOW information gain per Part11's own example",NO -- Phase40 research-priority decision only
Additional session breakout variants (any session, breakout-continuation mechanism),"Phase38 H2 already tested this exact mechanism class (Asian-range breakout, London-open trigger) at scale (458 OOS trades) and it failed on edge, robustness, AND drawdown correlation simultaneously -- the most decisively rejected candidate in the ledger",NO -- Phase40 research-priority decision only
Additional calendar/drift variants (day-of-week or date-based drift on a new pair),"AUDUSD Monday LONG is this project's strongest-ever standalone result for this mechanism and it still failed on drawdown diversification (Phase37); a new pair variant would need to solve the SAME drawdown-correlation problem, which is a control-portfolio-structure issue, not a pair-selection issue",NO -- Phase40 research-priority decision only
Parameter variants of any of the 10 rejected confirmatory hypotheses,"Per this project's own no-optimization discipline (Phase33 onward), re-parameterizing a rejected hypothesis to search for a passing configuration is exactly the p-hacking behaviour the preregistration framework exists to prevent",NO -- Phase40 research-priority decision only (the underlying mechanisms are not banned from ever being revisited with a materially different research design)
Minor pair substitutions on any rejected mechanism (e.g. swap USDCAD for USDCHF in the MTF-trend design),"A different pair with the same mechanism and same return driver is definitionally NOT materially distinct per this phase's own frozen definition (reports/phase39_preregistration.md Part E)",NO -- Phase40 research-priority decision only
