date,total_pnl,total_R,n_trades,n_winning_trades,n_losing_trades,win_rate_pct,max_concurrent_positions,avg_concurrent_positions,jpy_trades,jpy_R,non_jpy_R,amr_R,arb_R,monday_R,long_R,short_R,asian_R,london_R,vol_state_mode,n_strategies_active,n_simultaneous_losing_strategies,n_simultaneous_winning_strategies
2023-08-01,574.76,2.2942,4,4,0,100.0,4,4,4,2.2942,0.0,2.2942,0.0,0.0,0.5469,1.7473,2.2942,0.0,LOW,4,0,4
2023-08-02,1484.31,4.1897,5,5,0,100.0,5,5,5,4.1897,0.0,2.4445,1.7452,0.0,1.8732,2.3165,2.4445,1.7452,NORMAL,5,0,5
2023-08-03,271.84,1.0819,2,2,0,100.0,3,3,2,1.0819,0.0,1.0819,0.0,0.0,0.5435,0.5385,1.0819,0.0,LOW,2,0,2
2023-08-04,160.74,0.6454,4,3,1,75.0,4,4,4,0.6454,0.0,0.6454,0.0,0.0,1.1524,-0.507,0.6454,0.0,NORMAL,4,1,3
2023-08-07,145.44,0.5774,1,1,0,100.0,1,1,1,0.5774,0.0,0.5774,0.0,0.0,0.5774,0.0,0.5774,0.0,NORMAL,1,0,1
2023-08-08,-337.22,-1.349,4,2,2,50.0,4,4,4,-1.349,0.0,-1.349,0.0,0.0,0.9483,-2.2973,-1.349,0.0,LOW,4,2,2
2023-08-09,431.23,1.7136,3,3,0,100.0,3,3,3,1.7136,0.0,1.7136,0.0,0.0,1.1064,0.6071,1.7136,0.0,NORMAL,3,0,3
2023-08-10,-21.75,-1.1732,3,1,2,33.3,3,3,3,-1.1732,0.0,-2.2565,1.0833,0.0,1.0833,-2.2565,-2.2565,1.0833,LOW,3,2,1
2023-08-11,140.07,0.5594,1,1,0,100.0,2,2,1,0.5594,0.0,0.5594,0.0,0.0,0.0,0.5594,0.5594,0.0,LOW,1,0,1
2023-08-14,383.14,1.5188,3,3,0,100.0,3,3,3,1.5188,0.0,1.5188,0.0,0.0,0.9554,0.5634,1.5188,0.0,LOW,3,0,3
2023-08-15,-181.63,-0.7324,2,1,1,50.0,2,2,2,-0.7324,0.0,-0.7324,0.0,0.0,-0.7324,0.0,-0.7324,0.0,LOW,2,1,1
2023-08-16,-274.99,0.0072,3,2,1,66.7,3,3,3,0.0072,0.0,1.0885,-1.0813,0.0,0.5912,-0.584,1.0885,-1.0813,LOW,3,1,2
2023-08-17,-703.95,-1.7253,3,1,2,33.3,3,3,3,-1.7253,0.0,-0.6536,-1.0717,0.0,-2.2325,0.5072,-0.6536,-1.0717,LOW,3,2,1
2023-08-18,277.95,1.1099,2,2,0,100.0,2,2,2,1.1099,0.0,1.1099,0.0,0.0,0.5825,0.5273,1.1099,0.0,NORMAL,2,0,2
2023-08-21,-132.05,-0.5154,2,1,1,50.0,2,2,2,-0.5154,0.0,-0.5154,0.0,0.0,0.0,-0.5154,-0.5154,0.0,NORMAL,2,1,1
2023-08-22,251.4,0.9955,2,2,0,100.0,2,2,2,0.9955,0.0,0.9955,0.0,0.0,0.0,0.9955,0.9955,0.0,LOW,2,0,2
2023-08-23,-42.14,-0.1584,3,2,1,66.7,3,3,3,-0.1584,0.0,-0.1584,0.0,0.0,-0.6145,0.4561,-0.1584,0.0,LOW,3,1,2
2023-08-24,182.15,0.6544,2,2,0,100.0,2,2,2,0.6544,0.0,0.5849,0.0694,0.0,0.6544,0.0,0.5849,0.0694,LOW,2,0,2
2023-08-25,145.82,0.5748,1,1,0,100.0,2,2,1,0.5748,0.0,0.5748,0.0,0.0,0.5748,0.0,0.5748,0.0,NORMAL,1,0,1
2023-08-28,99.13,0.4061,4,3,1,75.0,4,4,3,0.2686,0.1375,0.2686,0.0,0.1375,0.1375,0.2686,0.4061,0.0,NORMAL,4,1,3
2023-08-29,223.19,0.8793,2,2,0,100.0,3,3,2,0.8793,0.0,0.8793,0.0,0.0,0.8793,0.0,0.8793,0.0,LOW,2,0,2
2023-08-30,284.88,1.1314,2,2,0,100.0,2,2,2,1.1314,0.0,1.1314,0.0,0.0,0.0,1.1314,1.1314,0.0,LOW,2,0,2
2023-08-31,7.49,0.0326,3,2,1,66.7,3,3,3,0.0326,0.0,0.0326,0.0,0.0,0.0326,0.0,0.0326,0.0,NORMAL,3,1,2
2023-09-01,265.02,1.051,2,2,0,100.0,2,2,2,1.051,0.0,1.051,0.0,0.0,0.5185,0.5325,1.051,0.0,NORMAL,2,0,2
2023-09-04,1508.67,4.2307,6,6,0,100.0,6,6,5,3.891,0.3397,2.1155,1.7755,0.3397,4.2307,0.0,2.4552,1.7755,NORMAL,6,0,6
2023-09-05,564.27,2.2364,4,4,0,100.0,5,5,4,2.2364,0.0,2.2364,0.0,0.0,2.2364,0.0,2.2364,0.0,LOW,4,0,4
2023-09-06,84.93,1.3878,5,4,1,80.0,5,5,5,1.3878,0.0,2.4366,-1.0488,0.0,2.4366,-1.0488,2.4366,-1.0488,LOW,5,1,4
2023-09-07,283.02,1.1104,2,2,0,100.0,2,2,2,1.1104,0.0,1.1104,0.0,0.0,0.0,1.1104,1.1104,0.0,LOW,2,0,2
2023-09-08,531.29,2.0995,4,4,0,100.0,4,4,4,2.0995,0.0,2.0995,0.0,0.0,0.0,2.0995,2.0995,0.0,LOW,4,0,4
2023-09-11,781.6,3.0873,5,5,0,100.0,5,5,4,2.7185,0.3688,2.7185,0.0,0.3688,3.0873,0.0,3.0873,0.0,NORMAL,5,0,5
2023-09-12,114.58,0.4512,1,1,0,100.0,4,4,1,0.4512,0.0,0.4512,0.0,0.0,0.0,0.4512,0.4512,0.0,LOW,1,0,1
2023-09-13,-29.68,-0.1203,3,2,1,66.7,4,4,3,-0.1203,0.0,-0.1203,0.0,0.0,0.4899,-0.6103,-0.1203,0.0,LOW,3,1,2
2023-09-14,-436.83,-1.7206,3,1,2,33.3,4,4,3,-1.7206,0.0,-1.7206,0.0,0.0,-1.7206,0.0,-1.7206,0.0,LOW,3,2,1
2023-09-15,270.2,1.0644,2,2,0,100.0,2,2,2,1.0644,0.0,1.0644,0.0,0.0,1.0644,0.0,1.0644,0.0,LOW,2,0,2
2023-09-18,443.67,1.742,4,4,0,100.0,4,4,3,1.728,0.014,1.728,0.0,0.014,1.742,0.0,1.742,0.0,NORMAL,4,0,4
2023-09-19,1540.55,4.1996,5,5,0,100.0,5,5,5,4.1996,0.0,2.3029,1.8967,0.0,3.5565,0.6431,2.3029,1.8967,LOW,5,0,5
2023-09-20,-31.98,-0.1393,3,2,1,66.7,3,3,3,-0.1393,0.0,-0.1393,0.0,0.0,-0.6583,0.519,-0.1393,0.0,LOW,3,1,2
2023-09-21,-558.03,-2.178,2,0,2,0.0,2,2,2,-2.178,0.0,-2.178,0.0,0.0,-2.178,0.0,-2.178,0.0,LOW,2,2,0
2023-09-22,445.78,1.7572,3,3,0,100.0,3,3,3,1.7572,0.0,1.7572,0.0,0.0,1.0952,0.6621,1.7572,0.0,LOW,3,0,3
2023-09-25,89.73,0.3452,2,1,1,50.0,2,2,1,0.5576,-0.2124,0.5576,0.0,-0.2124,0.3452,0.0,0.3452,0.0,LOW,2,1,1
2023-09-26,564.01,2.2184,4,4,0,100.0,4,4,4,2.2184,0.0,2.2184,0.0,0.0,2.2184,0.0,2.2184,0.0,LOW,4,0,4
2023-09-27,581.82,2.2799,4,4,0,100.0,4,4,4,2.2799,0.0,2.2799,0.0,0.0,1.7576,0.5223,2.2799,0.0,LOW,4,0,4
2023-09-28,151.58,0.588,1,1,0,100.0,1,1,1,0.588,0.0,0.588,0.0,0.0,0.588,0.0,0.588,0.0,LOW,1,0,1
2023-09-29,-291.69,-1.1315,1,0,1,0.0,1,1,1,-1.1315,0.0,-1.1315,0.0,0.0,0.0,-1.1315,-1.1315,0.0,LOW,1,1,0
2023-10-02,-357.74,-1.4093,3,1,2,33.3,3,3,2,-0.575,-0.8343,-0.575,0.0,-0.8343,-0.8343,-0.575,-1.4093,0.0,NORMAL,3,2,1
2023-10-03,754.45,1.4617,4,3,1,75.0,4,4,4,1.4617,0.0,-0.0474,1.509,0.0,-0.0474,1.509,-0.0474,1.509,LOW,4,1,3
2023-10-04,154.67,0.6013,1,1,0,100.0,1,1,1,0.6013,0.0,0.6013,0.0,0.0,0.0,0.6013,0.6013,0.0,NORMAL,1,0,1
2023-10-05,70.26,0.2775,3,2,1,66.7,3,3,3,0.2775,0.0,0.2775,0.0,0.0,0.2775,0.0,0.2775,0.0,NORMAL,3,1,2
2023-10-06,1357.38,3.3903,4,4,0,100.0,4,4,4,3.3903,0.0,1.4834,1.907,0.0,1.907,1.4834,1.4834,1.907,LOW,4,0,4
2023-10-09,760.96,2.9864,5,5,0,100.0,5,5,4,2.6924,0.2941,2.6924,0.0,0.2941,2.9864,0.0,2.9864,0.0,HIGH,5,0,5
2023-10-10,330.32,1.2226,3,3,0,100.0,6,6,3,1.2226,0.0,1.155,0.0676,0.0,0.0676,1.155,1.155,0.0676,NORMAL,3,0,3
2023-10-11,124.36,0.4835,1,1,0,100.0,3,3,1,0.4835,0.0,0.4835,0.0,0.0,0.0,0.4835,0.4835,0.0,LOW,1,0,1
2023-10-12,414.04,1.6141,3,3,0,100.0,4,4,3,1.6141,0.0,1.6141,0.0,0.0,0.5803,1.0338,1.6141,0.0,LOW,3,0,3
2023-10-13,-816.4,-3.1729,4,1,3,25.0,5,5,4,-3.1729,0.0,-3.1729,0.0,0.0,0.0,-3.1729,-3.1729,0.0,LOW,4,3,1
2023-10-16,-139.21,-0.5296,5,3,2,60.0,5,5,4,-1.1289,0.5992,-1.1289,0.0,0.5992,1.7714,-2.3011,-0.5296,0.0,HIGH,5,2,3
2023-10-17,253.52,0.9862,2,2,0,100.0,2,2,2,0.9862,0.0,0.9862,0.0,0.0,0.4633,0.5229,0.9862,0.0,LOW,2,0,2
2023-10-18,142.13,0.5556,4,3,1,75.0,4,4,4,0.5556,0.0,0.5556,0.0,0.0,0.5556,0.0,0.5556,0.0,LOW,4,1,3
2023-10-19,-695.93,-1.6062,3,1,2,33.3,3,3,3,-1.6062,0.0,-0.5275,-1.0787,0.0,-0.5275,-1.0787,-0.5275,-1.0787,LOW,3,2,1
2023-10-20,479.65,1.8769,3,3,0,100.0,3,3,3,1.8769,0.0,1.8769,0.0,0.0,1.8769,0.0,1.8769,0.0,NORMAL,3,0,3
2023-10-23,451.98,1.7768,3,3,0,100.0,3,3,2,1.0619,0.7149,1.0619,0.0,0.7149,1.2416,0.5352,1.7768,0.0,LOW,3,0,3
2023-10-24,-149.34,-0.5712,2,1,1,50.0,2,2,2,-0.5712,0.0,-0.5712,0.0,0.0,0.0,-0.5712,-0.5712,0.0,LOW,2,1,1
2023-10-25,296.55,1.1507,2,2,0,100.0,2,2,2,1.1507,0.0,1.1507,0.0,0.0,0.0,1.1507,1.1507,0.0,LOW,2,0,2
2023-10-26,-398.04,-0.4731,2,1,1,50.0,2,2,2,-0.4731,0.0,0.6035,-1.0766,0.0,-0.4731,0.0,0.6035,-1.0766,LOW,2,1,1
2023-10-27,-145.38,-0.5659,2,1,1,50.0,2,2,2,-0.5659,0.0,-0.5659,0.0,0.0,-1.1424,0.5766,-0.5659,0.0,LOW,2,1,1
2023-10-30,102.55,0.4157,4,3,1,75.0,4,4,3,0.0566,0.3591,0.0566,0.0,0.3591,0.3591,0.0566,0.4157,0.0,NORMAL,4,1,3
2023-10-31,187.69,-0.0979,5,3,2,60.0,5,5,5,-0.0979,0.0,-0.9423,0.8444,0.0,0.8444,-0.9423,-0.9423,0.8444,LOW,5,2,3
2023-11-01,-670.37,-2.6313,4,1,3,25.0,5,5,4,-2.6313,0.0,-2.6313,0.0,0.0,-2.6313,0.0,-2.6313,0.0,HIGH,4,3,1
2023-11-02,-125.36,-0.4891,2,1,1,50.0,3,3,2,-0.4891,0.0,-0.4891,0.0,0.0,-0.4891,0.0,-0.4891,0.0,NORMAL,2,1,1
2023-11-03,284.92,1.1049,2,2,0,100.0,3,3,2,1.1049,0.0,1.1049,0.0,0.0,1.1049,0.0,1.1049,0.0,LOW,2,0,2
2023-11-06,181.29,0.7082,5,3,2,60.0,5,5,4,0.7378,-0.0296,0.7378,0.0,-0.0296,1.8053,-1.0971,0.7082,0.0,LOW,5,2,3
2023-11-07,-68.97,-0.2741,3,2,1,66.7,3,3,3,-0.2741,0.0,-0.2741,0.0,0.0,0.5367,-0.8108,-0.2741,0.0,LOW,3,1,2
2023-11-08,263.86,1.0285,2,2,0,100.0,2,2,2,1.0285,0.0,1.0285,0.0,0.0,1.0285,0.0,1.0285,0.0,LOW,2,0,2
2023-11-09,291.28,1.1336,2,2,0,100.0,2,2,2,1.1336,0.0,1.1336,0.0,0.0,1.1336,0.0,1.1336,0.0,LOW,2,0,2
2023-11-10,-404.43,-0.4902,2,1,1,50.0,2,2,2,-0.4902,0.0,0.6007,-1.0909,0.0,-0.4902,0.0,0.6007,-1.0909,LOW,2,1,1
2023-11-13,-429.93,-0.6354,5,3,2,60.0,5,5,4,-1.0468,0.4114,0.0151,-1.0619,0.4114,0.4728,-1.1082,0.4265,-1.0619,LOW,5,2,3
2023-11-14,384.95,1.4939,3,3,0,100.0,3,3,3,1.4939,0.0,1.4939,0.0,0.0,0.5258,0.9681,1.4939,0.0,LOW,3,0,3
2023-11-15,-812.22,-2.1341,5,2,3,40.0,5,5,5,-2.1341,0.0,-1.0792,-1.0549,0.0,-0.6003,-1.5338,-1.0792,-1.0549,NORMAL,5,3,2
2023-11-16,-701.42,-2.7596,4,1,3,25.0,5,5,4,-2.7596,0.0,-2.7596,0.0,0.0,-2.7596,0.0,-2.7596,0.0,LOW,4,3,1
2023-11-17,-155.63,-0.583,2,1,1,50.0,2,2,2,-0.583,0.0,-0.583,0.0,0.0,-0.583,0.0,-0.583,0.0,LOW,2,1,1
2023-11-20,554.02,2.1639,4,4,0,100.0,4,4,3,1.7723,0.3916,1.7723,0.0,0.3916,1.5564,0.6075,2.1639,0.0,NORMAL,4,0,4
2023-11-21,-16.91,-0.0771,3,2,1,66.7,3,3,3,-0.0771,0.0,-0.0771,0.0,0.0,-0.0771,0.0,-0.0771,0.0,LOW,3,1,2
2023-11-22,860.14,2.2945,3,3,0,100.0,3,3,3,2.2945,0.0,1.1992,1.0952,0.0,2.2945,0.0,1.1992,1.0952,NORMAL,3,0,3
2023-11-23,3.52,-0.001,3,2,1,66.7,3,3,3,-0.001,0.0,-0.001,0.0,0.0,-0.001,0.0,-0.001,0.0,LOW,3,1,2
2023-11-24,33.92,1.1668,5,4,1,80.0,5,5,5,1.1668,0.0,2.2247,-1.058,0.0,2.2247,-1.058,2.2247,-1.058,LOW,5,1,4
2023-11-27,-643.55,-2.5381,5,2,3,40.0,5,5,4,-2.6489,0.1108,-2.6489,0.0,0.1108,-2.5381,0.0,-2.5381,0.0,NORMAL,5,3,2
2023-11-28,155.64,0.6503,4,3,1,75.0,4,4,4,0.6503,0.0,0.6503,0.0,0.0,0.6503,0.0,0.6503,0.0,LOW,4,1,3
2023-11-29,-241.09,-0.9121,4,2,2,50.0,4,4,4,-0.9121,0.0,-0.9121,0.0,0.0,-0.9121,0.0,-0.9121,0.0,NORMAL,4,2,2
2023-11-30,-239.11,-0.9524,4,2,2,50.0,4,4,4,-0.9524,0.0,-0.9524,0.0,0.0,-0.9524,0.0,-0.9524,0.0,NORMAL,4,2,2
2023-12-01,-677.21,-1.61,3,1,2,33.3,3,3,3,-1.61,0.0,-0.558,-1.0519,0.0,-1.61,0.0,-0.558,-1.0519,NORMAL,3,2,1
2023-12-04,-893.1,-3.4983,5,1,4,20.0,5,5,4,-2.6446,-0.8537,-2.6446,0.0,-0.8537,-3.4983,0.0,-3.4983,0.0,HIGH,5,4,1
2023-12-05,804.76,1.3036,3,2,1,66.7,3,3,3,1.3036,0.0,-0.6283,1.9319,0.0,-0.6283,1.9319,-0.6283,1.9319,NORMAL,3,1,2
2023-12-06,0.92,-0.0185,3,2,1,66.7,4,4,3,-0.0185,0.0,-0.0185,0.0,0.0,1.0834,-1.1019,-0.0185,0.0,LOW,3,1,2
2023-12-07,-322.08,-2.7634,5,1,4,20.0,6,6,5,-2.7634,0.0,-4.2903,1.5269,0.0,-4.2903,1.5269,-4.2903,1.5269,LOW,5,4,1
2023-12-08,490.5,1.9126,3,3,0,100.0,3,3,3,1.9126,0.0,1.9126,0.0,0.0,1.9126,0.0,1.9126,0.0,HIGH,3,0,3
2023-12-11,-629.41,-2.4951,5,2,3,40.0,5,5,4,-2.6454,0.1503,-2.6454,0.0,0.1503,0.1503,-2.6454,-2.4951,0.0,HIGH,5,3,2
2023-12-12,-184.11,-2.586,5,1,4,20.0,5,5,5,-2.586,0.0,-4.4379,1.8519,0.0,-4.4379,1.8519,-4.4379,1.8519,NORMAL,5,4,1
2023-12-13,607.38,2.3948,4,4,0,100.0,5,5,4,2.3948,0.0,2.3948,0.0,0.0,2.3948,0.0,2.3948,0.0,NORMAL,4,0,4
2023-12-14,-536.52,-2.0788,2,0,2,0.0,2,2,2,-2.0788,0.0,-2.0788,0.0,0.0,-2.0788,0.0,-2.0788,0.0,HIGH,2,2,0
2023-12-15,-212.66,-0.8066,4,2,2,50.0,4,4,4,-0.8066,0.0,-0.8066,0.0,0.0,0.0,-0.8066,-0.8066,0.0,HIGH,4,2,2
2023-12-18,424.44,1.6641,4,3,1,75.0,4,4,3,1.9237,-0.2597,1.9237,0.0,-0.2597,1.6641,0.0,1.6641,0.0,HIGH,4,1,3
2023-12-19,-666.28,-2.5933,4,1,3,25.0,4,4,4,-2.5933,0.0,-2.5933,0.0,0.0,-2.5933,0.0,-2.5933,0.0,NORMAL,4,3,1
2023-12-20,393.89,1.5486,3,3,0,100.0,3,3,3,1.5486,0.0,1.5486,0.0,0.0,0.0,1.5486,1.5486,0.0,NORMAL,3,0,3
2023-12-21,82.42,0.3064,4,3,1,75.0,4,4,4,0.3064,0.0,0.3064,0.0,0.0,0.3064,0.0,0.3064,0.0,HIGH,4,1,3
2023-12-22,264.63,1.0397,2,2,0,100.0,3,3,2,1.0397,0.0,1.0397,0.0,0.0,1.0397,0.0,1.0397,0.0,HIGH,2,0,2
2023-12-25,501.83,1.9647,4,4,0,100.0,4,4,3,1.8497,0.115,1.8497,0.0,0.115,1.9647,0.0,1.9647,0.0,HIGH,4,0,4
2023-12-26,1133.45,2.5806,2,2,0,100.0,5,5,2,2.5806,0.0,0.7514,1.8293,0.0,2.5806,0.0,0.7514,1.8293,NORMAL,2,0,2
2023-12-27,-372.21,-0.4044,5,3,2,60.0,5,5,5,-0.4044,0.0,0.6328,-1.0372,0.0,0.0614,-0.4658,0.6328,-1.0372,LOW,5,2,3
2023-12-28,49.08,0.1699,3,2,1,66.7,3,3,3,0.1699,0.0,0.1699,0.0,0.0,0.1699,0.0,0.1699,0.0,HIGH,3,1,2
2023-12-29,190.59,0.731,4,3,1,75.0,4,4,4,0.731,0.0,0.731,0.0,0.0,1.2661,-0.5351,0.731,0.0,HIGH,4,1,3
2024-01-02,243.99,0.9326,4,3,1,75.0,4,4,4,0.9326,0.0,0.9326,0.0,0.0,1.373,-0.4403,0.9326,0.0,HIGH,4,1,3
2024-01-03,441.05,1.719,3,3,0,100.0,3,3,3,1.719,0.0,1.719,0.0,0.0,0.0,1.719,1.719,0.0,NORMAL,3,0,3
2024-01-04,488.43,1.021,4,3,1,75.0,4,4,4,1.021,0.0,0.1242,0.8968,0.0,2.0993,-1.0783,0.1242,0.8968,HIGH,4,1,3
2024-01-05,-15.16,-0.0291,3,2,1,66.7,4,4,3,-0.0291,0.0,-0.0291,0.0,0.0,0.6006,-0.6297,-0.0291,0.0,NORMAL,3,1,2
2024-01-08,193.48,1.8408,6,5,1,83.3,6,6,5,1.571,0.2698,2.6063,-1.0353,0.2698,2.8761,-1.0353,2.8761,-1.0353,HIGH,6,1,5
2024-01-09,-326.57,-1.324,4,2,2,50.0,5,5,4,-1.324,0.0,-1.324,0.0,0.0,-1.324,0.0,-1.324,0.0,NORMAL,4,2,2
2024-01-10,-280.46,-1.1033,4,2,2,50.0,5,5,4,-1.1033,0.0,-1.1033,0.0,0.0,1.053,-2.1563,-1.1033,0.0,NORMAL,4,2,2
2024-01-11,285.49,1.0947,2,2,0,100.0,2,2,2,1.0947,0.0,1.0947,0.0,0.0,0.0,1.0947,1.0947,0.0,NORMAL,2,0,2
2024-01-12,309.59,1.1908,2,2,0,100.0,2,2,2,1.1908,0.0,1.1908,0.0,0.0,1.1908,0.0,1.1908,0.0,HIGH,2,0,2
2024-01-15,1159.18,2.4833,6,4,2,66.7,6,6,5,2.64,-0.1567,0.6728,1.9672,-0.1567,2.4833,0.0,0.5161,1.9672,NORMAL,6,2,4
2024-01-16,-361.02,-1.3941,4,2,2,50.0,5,5,4,-1.3941,0.0,-1.3941,0.0,0.0,-1.852,0.4579,-1.3941,0.0,LOW,4,2,2
2024-01-17,146.66,0.6024,4,3,1,75.0,5,5,4,0.6024,0.0,0.6024,0.0,0.0,0.9822,-0.3798,0.6024,0.0,LOW,4,1,3
2024-01-18,594.33,2.3288,4,4,0,100.0,4,4,4,2.3288,0.0,2.3288,0.0,0.0,0.7303,1.5985,2.3288,0.0,NORMAL,4,0,4
2024-01-19,-815.47,-2.9568,5,1,4,20.0,5,5,5,-2.9568,0.0,-2.7206,-0.2362,0.0,-0.2362,-2.7206,-2.7206,-0.2362,NORMAL,5,4,1
2024-01-22,439.99,1.7136,4,4,0,100.0,4,4,3,1.5844,0.1291,1.5844,0.0,0.1291,1.7136,0.0,1.7136,0.0,HIGH,4,0,4
2024-01-23,-669.95,-1.5366,3,1,2,33.3,3,3,3,-1.5366,0.0,-0.5138,-1.0228,0.0,0.6021,-2.1387,-0.5138,-1.0228,LOW,3,2,1
2024-01-24,-474.35,-1.8007,3,1,2,33.3,3,3,3,-1.8007,0.0,-1.8007,0.0,0.0,-2.2371,0.4364,-1.8007,0.0,NORMAL,3,2,1
2024-01-25,147.44,0.5852,1,1,0,100.0,1,1,1,0.5852,0.0,0.5852,0.0,0.0,0.5852,0.0,0.5852,0.0,NORMAL,1,0,1
2024-01-26,256.32,0.986,2,2,0,100.0,2,2,2,0.986,0.0,0.986,0.0,0.0,0.986,0.0,0.986,0.0,LOW,2,0,2
2024-01-29,425.6,1.655,4,3,1,75.0,4,4,3,1.8066,-0.1516,1.8066,0.0,-0.1516,1.655,0.0,1.655,0.0,LOW,4,1,3
2024-01-30,150.03,0.5764,1,1,0,100.0,1,1,1,0.5764,0.0,0.5764,0.0,0.0,0.5764,0.0,0.5764,0.0,LOW,1,0,1
2024-01-31,-794.81,-1.9484,5,2,3,40.0,5,5,5,-1.9484,0.0,-0.8927,-1.0557,0.0,-1.9484,0.0,-0.8927,-1.0557,NORMAL,5,3,2
2024-02-01,-272.63,-1.0472,1,0,1,0.0,1,1,1,-1.0472,0.0,-1.0472,0.0,0.0,-1.0472,0.0,-1.0472,0.0,HIGH,1,1,0
2024-02-02,844.1,1.3716,3,2,1,66.7,3,3,3,1.3716,0.0,-0.5259,1.8974,0.0,1.8974,-0.5259,-0.5259,1.8974,NORMAL,3,1,2
2024-02-05,175.85,0.6598,4,3,1,75.0,4,4,3,1.6708,-1.011,1.6708,0.0,-1.011,-0.4329,1.0926,0.6598,0.0,HIGH,4,1,3
2024-02-06,382.52,1.4902,3,3,0,100.0,3,3,3,1.4902,0.0,1.4902,0.0,0.0,1.4902,0.0,1.4902,0.0,LOW,3,0,3
2024-02-07,-41.08,-0.1432,3,2,1,66.7,3,3,3,-0.1432,0.0,-0.1432,0.0,0.0,0.5667,-0.7099,-0.1432,0.0,LOW,3,1,2
2024-02-08,160.85,-0.1679,5,3,2,60.0,5,5,5,-0.1679,0.0,-0.9545,0.7866,0.0,1.9816,-2.1495,-0.9545,0.7866,LOW,5,2,3
2024-02-09,583.47,2.2826,4,4,0,100.0,5,5,4,2.2826,0.0,2.2826,0.0,0.0,2.2826,0.0,2.2826,0.0,LOW,4,0,4
2024-02-12,355.48,1.3926,3,3,0,100.0,3,3,2,1.3042,0.0884,1.3042,0.0,0.0884,1.3926,0.0,1.3926,0.0,LOW,3,0,3
2024-02-13,-425.97,-0.5412,2,1,1,50.0,2,2,2,-0.5412,0.0,0.5415,-1.0826,0.0,-0.5412,0.0,0.5415,-1.0826,LOW,2,1,1
2024-02-14,592.28,2.3096,4,4,0,100.0,4,4,4,2.3096,0.0,2.3096,0.0,0.0,2.3096,0.0,2.3096,0.0,NORMAL,4,0,4
2024-02-15,-264.21,-1.0716,4,2,2,50.0,4,4,4,-1.0716,0.0,-1.0716,0.0,0.0,-2.166,1.0944,-1.0716,0.0,LOW,4,2,2
2024-02-16,-299.77,-1.1641,4,2,2,50.0,4,4,4,-1.1641,0.0,-1.1641,0.0,0.0,0.6853,-1.8495,-1.1641,0.0,LOW,4,2,2
2024-02-19,458.21,1.775,4,3,1,75.0,4,4,3,1.8207,-0.0457,1.8207,0.0,-0.0457,1.775,0.0,1.775,0.0,LOW,4,1,3
2024-02-20,45.55,0.1461,4,3,1,75.0,4,4,4,0.1461,0.0,0.1461,0.0,0.0,-0.3559,0.5021,0.1461,0.0,LOW,4,1,3
2024-02-21,1177.15,2.8006,3,3,0,100.0,3,3,3,2.8006,0.0,1.0929,1.7077,0.0,2.2426,0.5581,1.0929,1.7077,LOW,3,0,3
2024-02-22,-1148.32,-4.458,4,0,4,0.0,5,5,4,-4.458,0.0,-4.458,0.0,0.0,0.0,-4.458,-4.458,0.0,LOW,4,4,0
2024-02-23,-175.51,0.4496,4,3,1,75.0,4,4,4,0.4496,0.0,1.5322,-1.0826,0.0,-0.0633,0.5128,1.5322,-1.0826,LOW,4,1,3
2024-02-26,545.55,2.1256,5,5,0,100.0,5,5,4,2.0915,0.034,2.0915,0.0,0.034,1.6582,0.4673,2.1256,0.0,LOW,5,0,5
2024-02-27,-185.0,-0.7075,2,1,1,50.0,2,2,2,-0.7075,0.0,-0.7075,0.0,0.0,-0.7075,0.0,-0.7075,0.0,LOW,2,1,1
2024-02-28,-759.26,-2.9143,4,1,3,25.0,4,4,4,-2.9143,0.0,-2.9143,0.0,0.0,-2.9143,0.0,-2.9143,0.0,LOW,4,3,1
2024-02-29,-286.51,-1.1709,4,2,2,50.0,4,4,4,-1.1709,0.0,-1.1709,0.0,0.0,-1.1709,0.0,-1.1709,0.0,LOW,4,2,2
2024-03-01,-332.66,-1.3005,4,2,2,50.0,4,4,4,-1.3005,0.0,-1.3005,0.0,0.0,0.4492,-1.7497,-1.3005,0.0,LOW,4,2,2
2024-03-04,-135.48,0.6236,4,3,1,75.0,4,4,3,0.1768,0.4467,1.2677,-1.0909,0.4467,0.6236,0.0,1.7145,-1.0909,LOW,4,1,3
2024-03-05,270.61,1.0523,2,2,0,100.0,3,3,2,1.0523,0.0,1.0523,0.0,0.0,1.0523,0.0,1.0523,0.0,LOW,2,0,2
2024-03-06,135.43,0.5137,1,1,0,100.0,1,1,1,0.5137,0.0,0.5137,0.0,0.0,0.5137,0.0,0.5137,0.0,LOW,1,0,1
2024-03-07,-332.62,-2.0172,5,2,3,40.0,5,5,5,-2.0172,0.0,-2.744,0.7267,0.0,-2.744,0.7267,-2.744,0.7267,NORMAL,5,3,2
2024-03-08,1.47,0.0105,3,2,1,66.7,4,4,3,0.0105,0.0,0.0105,0.0,0.0,0.0105,0.0,0.0105,0.0,NORMAL,3,1,2
2024-03-11,-1247.4,-4.8776,5,0,5,0.0,5,5,4,-4.3902,-0.4875,-4.3902,0.0,-0.4875,-4.8776,0.0,-4.8776,0.0,NORMAL,5,5,0
2024-03-12,1018.81,3.1678,5,5,0,100.0,5,5,5,3.1678,0.0,2.376,0.7918,0.0,3.1678,0.0,2.376,0.7918,NORMAL,5,0,5
2024-03-13,148.4,0.6004,4,3,1,75.0,5,5,4,0.6004,0.0,0.6004,0.0,0.0,0.6004,0.0,0.6004,0.0,LOW,4,1,3
2024-03-14,266.89,1.0283,2,2,0,100.0,3,3,2,1.0283,0.0,1.0283,0.0,0.0,0.0,1.0283,1.0283,0.0,LOW,2,0,2
2024-03-15,-888.14,-3.4386,3,0,3,0.0,4,4,3,-3.4386,0.0,-3.4386,0.0,0.0,-1.1449,-2.2937,-3.4386,0.0,LOW,3,3,0
2024-03-18,1400.58,3.482,5,4,1,80.0,5,5,4,3.5462,-0.0643,1.6559,1.8903,-0.0643,2.8932,0.5887,1.5916,1.8903,LOW,5,1,4
2024-03-19,908.46,1.6403,4,3,1,75.0,5,5,4,1.6403,0.0,-0.1494,1.7896,0.0,2.2768,-0.6365,-0.1494,1.7896,LOW,4,1,3
2024-03-20,-1120.12,-4.368,4,0,4,0.0,5,5,4,-4.368,0.0,-4.368,0.0,0.0,0.0,-4.368,-4.368,0.0,LOW,4,4,0
2024-03-21,-86.11,0.783,4,3,1,75.0,4,4,4,0.783,0.0,1.8208,-1.0377,0.0,0.783,0.0,1.8208,-1.0377,HIGH,4,1,3
2024-03-22,67.48,-0.1556,3,2,1,66.7,4,4,3,-0.1556,0.0,-0.5677,0.4121,0.0,-0.5677,0.4121,-0.5677,0.4121,NORMAL,3,1,2
2024-03-25,242.83,0.9472,5,4,1,80.0,5,5,4,0.494,0.4532,0.494,0.0,0.4532,0.9472,0.0,0.9472,0.0,LOW,5,1,4
2024-03-26,283.34,1.0857,2,2,0,100.0,2,2,2,1.0857,0.0,1.0857,0.0,0.0,0.5301,0.5556,1.0857,0.0,LOW,2,0,2
2024-03-27,-12.03,-0.0468,3,2,1,66.7,3,3,3,-0.0468,0.0,-0.0468,0.0,0.0,1.0719,-1.1186,-0.0468,0.0,LOW,3,1,2
2024-03-28,586.9,2.2917,4,4,0,100.0,4,4,4,2.2917,0.0,2.2917,0.0,0.0,2.2917,0.0,2.2917,0.0,LOW,4,0,4
2024-03-29,137.86,0.5323,1,1,0,100.0,1,1,1,0.5323,0.0,0.5323,0.0,0.0,0.0,0.5323,0.5323,0.0,LOW,1,0,1
2024-04-01,401.0,1.552,5,4,1,80.0,5,5,4,2.4341,-0.882,2.4341,0.0,-0.882,0.2734,1.2786,1.552,0.0,NORMAL,5,1,4
2024-04-02,-12.61,-0.041,3,2,1,66.7,3,3,3,-0.041,0.0,-0.041,0.0,0.0,-0.041,0.0,-0.041,0.0,LOW,3,1,2
2024-04-03,528.0,2.0517,4,4,0,100.0,4,4,4,2.0517,0.0,2.0517,0.0,0.0,1.5563,0.4954,2.0517,0.0,LOW,4,0,4
2024-04-04,-625.84,-2.3947,2,0,2,0.0,2,2,2,-2.3947,0.0,-2.3947,0.0,0.0,0.0,-2.3947,-2.3947,0.0,LOW,2,2,0
2024-04-05,-241.04,-0.9848,4,2,2,50.0,4,4,4,-0.9848,0.0,-0.9848,0.0,0.0,-0.9848,0.0,-0.9848,0.0,NORMAL,4,2,2
2024-04-08,285.92,1.1312,5,4,1,80.0,5,5,4,0.7798,0.3514,0.7798,0.0,0.3514,2.2196,-1.0884,1.1312,0.0,LOW,5,1,4
2024-04-09,552.75,2.1579,4,4,0,100.0,4,4,4,2.1579,0.0,2.1579,0.0,0.0,1.2646,0.8933,2.1579,0.0,LOW,4,0,4
2024-04-10,127.83,0.5001,1,1,0,100.0,1,1,1,0.5001,0.0,0.5001,0.0,0.0,0.5001,0.0,0.5001,0.0,LOW,1,0,1
2024-04-11,303.4,1.172,2,2,0,100.0,2,2,2,1.172,0.0,1.172,0.0,0.0,1.172,0.0,1.172,0.0,NORMAL,2,0,2
2024-04-12,-215.31,-2.7482,5,1,4,20.0,5,5,5,-2.7482,0.0,-4.5368,1.7885,0.0,-4.5368,1.7885,-4.5368,1.7885,LOW,5,4,1
2024-04-15,649.69,1.7113,6,5,1,83.3,6,6,5,1.7083,0.0031,0.9099,0.7983,0.0031,2.7758,-1.0645,0.913,0.7983,NORMAL,6,1,5
2024-04-16,-202.54,-0.7558,2,1,1,50.0,3,3,2,-0.7558,0.0,-0.7558,0.0,0.0,-0.7558,0.0,-0.7558,0.0,LOW,2,1,1
2024-04-17,148.69,0.5787,1,1,0,100.0,2,2,1,0.5787,0.0,0.5787,0.0,0.0,0.0,0.5787,0.5787,0.0,LOW,1,0,1
2024-04-18,144.37,0.5598,1,1,0,100.0,2,2,1,0.5598,0.0,0.5598,0.0,0.0,0.5598,0.0,0.5598,0.0,LOW,1,0,1
2024-04-19,-325.56,-1.2497,4,2,2,50.0,5,5,4,-1.2497,0.0,-1.2497,0.0,0.0,-1.2497,0.0,-1.2497,0.0,LOW,4,2,2
2024-04-22,402.03,1.5553,4,3,1,75.0,4,4,3,1.7119,-0.1566,1.7119,0.0,-0.1566,0.9712,0.5842,1.5553,0.0,NORMAL,4,1,3
2024-04-23,271.61,1.0471,2,2,0,100.0,2,2,2,1.0471,0.0,1.0471,0.0,0.0,0.4769,0.5703,1.0471,0.0,LOW,2,0,2
2024-04-24,-27.0,-0.1367,3,2,1,66.7,3,3,3,-0.1367,0.0,-0.1367,0.0,0.0,1.0087,-1.1455,-0.1367,0.0,LOW,3,1,2
2024-04-25,-55.76,-1.8364,4,1,3,25.0,4,4,4,-1.8364,0.0,-3.3275,1.4912,0.0,1.4912,-3.3275,-3.3275,1.4912,LOW,4,3,1
2024-04-26,-417.86,-0.4801,2,1,1,50.0,3,3,2,-0.4801,0.0,0.5537,-1.0338,0.0,-0.4801,0.0,0.5537,-1.0338,LOW,2,1,1
2024-04-29,-60.24,-1.3789,5,2,3,40.0,5,5,4,-2.0705,0.6916,-3.1332,1.0627,0.6916,0.6916,-2.0705,-2.4416,1.0627,HIGH,5,3,2
2024-04-30,232.3,0.9283,4,3,1,75.0,5,5,4,0.9283,0.0,0.9283,0.0,0.0,0.0,0.9283,0.9283,0.0,HIGH,4,1,3
2024-05-01,296.1,1.1484,2,2,0,100.0,3,3,2,1.1484,0.0,1.1484,0.0,0.0,1.1484,0.0,1.1484,0.0,NORMAL,2,0,2
2024-05-06,181.82,0.6848,5,4,1,80.0,5,5,4,0.5235,0.1613,0.5235,0.0,0.1613,1.7591,-1.0743,0.6848,0.0,NORMAL,5,1,4
2024-05-07,159.43,0.6667,4,3,1,75.0,4,4,4,0.6667,0.0,0.6667,0.0,0.0,1.7698,-1.1031,0.6667,0.0,LOW,4,1,3
2024-05-08,429.51,1.6662,3,3,0,100.0,3,3,3,1.6662,0.0,1.6662,0.0,0.0,1.6662,0.0,1.6662,0.0,LOW,3,0,3
2024-05-09,563.77,2.1999,4,4,0,100.0,4,4,4,2.1999,0.0,2.1999,0.0,0.0,2.1999,0.0,2.1999,0.0,LOW,4,0,4
2024-05-10,361.32,1.3945,3,3,0,100.0,3,3,3,1.3945,0.0,1.3945,0.0,0.0,1.3945,0.0,1.3945,0.0,LOW,3,0,3
2024-05-13,744.0,2.9057,5,5,0,100.0,5,5,4,2.4939,0.4119,2.4939,0.0,0.4119,2.9057,0.0,2.9057,0.0,LOW,5,0,5
2024-05-14,-774.47,-3.036,4,1,3,25.0,4,4,4,-3.036,0.0,-3.036,0.0,0.0,0.0,-3.036,-3.036,0.0,LOW,4,3,1
2024-05-15,564.69,2.1976,4,4,0,100.0,4,4,4,2.1976,0.0,2.1976,0.0,0.0,1.1052,1.0925,2.1976,0.0,LOW,4,0,4
2024-05-16,-1109.84,-4.3079,4,0,4,0.0,4,4,4,-4.3079,0.0,-4.3079,0.0,0.0,-4.3079,0.0,-4.3079,0.0,NORMAL,4,4,0
2024-05-17,292.74,1.1275,2,2,0,100.0,2,2,2,1.1275,0.0,1.1275,0.0,0.0,0.0,1.1275,1.1275,0.0,LOW,2,0,2
2024-05-20,679.51,2.6497,5,5,0,100.0,5,5,4,2.5154,0.1343,2.5154,0.0,0.1343,1.4781,1.1716,2.6497,0.0,LOW,5,0,5
2024-05-21,266.21,1.0296,2,2,0,100.0,2,2,2,1.0296,0.0,1.0296,0.0,0.0,0.4919,0.5377,1.0296,0.0,LOW,2,0,2
2024-05-22,-488.03,-1.85,3,1,2,33.3,3,3,3,-1.85,0.0,-1.85,0.0,0.0,0.4562,-2.3062,-1.85,0.0,LOW,3,2,1
2024-05-23,272.59,1.0628,2,2,0,100.0,2,2,2,1.0628,0.0,1.0628,0.0,0.0,0.0,1.0628,1.0628,0.0,LOW,2,0,2
2024-05-24,139.63,0.5325,1,1,0,100.0,1,1,1,0.5325,0.0,0.5325,0.0,0.0,0.5325,0.0,0.5325,0.0,LOW,1,0,1
2024-05-27,492.41,1.9133,4,4,0,100.0,4,4,3,1.5619,0.3514,1.5619,0.0,0.3514,1.9133,0.0,1.9133,0.0,LOW,4,0,4
2024-05-28,365.9,1.4104,3,3,0,100.0,3,3,3,1.4104,0.0,1.4104,0.0,0.0,0.9313,0.4792,1.4104,0.0,LOW,3,0,3
2024-05-29,1016.03,2.3798,3,3,0,100.0,3,3,3,2.3798,0.0,0.9701,1.4097,0.0,0.0,2.3798,0.9701,1.4097,LOW,3,0,3
2024-05-30,-1691.33,-5.3744,5,0,5,0.0,6,6,5,-5.3744,0.0,-4.3232,-1.0512,0.0,-4.3232,-1.0512,-4.3232,-1.0512,LOW,5,5,0
2024-05-31,585.02,2.2745,4,4,0,100.0,5,5,4,2.2745,0.0,2.2745,0.0,0.0,2.2745,0.0,2.2745,0.0,LOW,4,0,4
2024-06-03,302.93,1.1835,2,2,0,100.0,2,2,1,0.5859,0.5976,0.5859,0.0,0.5976,0.5976,0.5859,1.1835,0.0,NORMAL,2,0,2
2024-06-04,309.57,1.1998,2,2,0,100.0,2,2,2,1.1998,0.0,1.1998,0.0,0.0,0.0,1.1998,1.1998,0.0,NORMAL,2,0,2
2024-06-05,-1049.34,-4.2628,5,1,4,20.0,5,5,5,-4.2628,0.0,-4.4424,0.1797,0.0,0.1797,-4.4424,-4.4424,0.1797,NORMAL,5,4,1
2024-06-06,12.95,0.0503,3,2,1,66.7,4,4,3,0.0503,0.0,0.0503,0.0,0.0,0.0503,0.0,0.0503,0.0,LOW,3,1,2
2024-06-07,626.93,2.4414,4,4,0,100.0,5,5,4,2.4414,0.0,2.4414,0.0,0.0,0.0,2.4414,2.4414,0.0,LOW,4,0,4
2024-06-10,-217.07,-0.808,5,3,2,60.0,5,5,4,-0.9185,0.1105,-0.9185,0.0,0.1105,0.746,-1.554,-0.808,0.0,NORMAL,5,2,3
2024-06-11,-1010.12,-2.7076,4,1,3,25.0,4,4,4,-2.7076,0.0,-1.6279,-1.0797,0.0,-0.3462,-2.3614,-1.6279,-1.0797,LOW,4,3,1
2024-06-12,-203.8,0.3651,4,3,1,75.0,4,4,4,0.3651,0.0,1.4222,-1.0571,0.0,-1.0571,1.4222,1.4222,-1.0571,LOW,4,1,3
2024-06-14,-241.49,0.1604,3,2,1,66.7,3,3,3,0.1604,0.0,1.1813,-1.0209,0.0,-0.4464,0.6068,1.1813,-1.0209,HIGH,3,1,2
2024-06-17,689.0,2.6789,5,5,0,100.0,5,5,4,2.4691,0.2098,2.4691,0.0,0.2098,0.2098,2.4691,2.6789,0.0,HIGH,5,0,5
2024-06-18,373.54,1.4362,3,3,0,100.0,3,3,3,1.4362,0.0,1.4362,0.0,0.0,0.5662,0.8699,1.4362,0.0,LOW,3,0,3
2024-06-19,-156.46,-0.5867,2,1,1,50.0,2,2,2,-0.5867,0.0,-0.5867,0.0,0.0,0.5474,-1.1341,-0.5867,0.0,LOW,2,1,1
2024-06-20,127.81,0.4869,1,1,0,100.0,1,1,1,0.4869,0.0,0.4869,0.0,0.0,0.0,0.4869,0.4869,0.0,LOW,1,0,1
2024-06-21,-319.4,-1.1732,4,2,2,50.0,4,4,4,-1.1732,0.0,-1.1732,0.0,0.0,0.0,-1.1732,-1.1732,0.0,LOW,4,2,2
2024-06-24,254.46,0.9851,2,2,0,100.0,2,2,1,0.5061,0.479,0.5061,0.0,0.479,0.479,0.5061,0.9851,0.0,LOW,2,0,2
2024-06-25,210.87,0.8327,4,3,1,75.0,4,4,4,0.8327,0.0,0.8327,0.0,0.0,0.8327,0.0,0.8327,0.0,LOW,4,1,3
2024-06-26,272.6,1.0421,2,2,0,100.0,2,2,2,1.0421,0.0,1.0421,0.0,0.0,1.0421,0.0,1.0421,0.0,LOW,2,0,2
2024-06-27,-246.57,-0.9593,4,2,2,50.0,4,4,4,-0.9593,0.0,-0.9593,0.0,0.0,-0.9593,0.0,-0.9593,0.0,LOW,4,2,2
2024-06-28,641.17,2.4812,4,4,0,100.0,4,4,4,2.4812,0.0,2.4812,0.0,0.0,0.0,2.4812,2.4812,0.0,LOW,4,0,4
2024-07-01,-421.78,-1.6367,4,1,3,25.0,4,4,3,-1.5332,-0.1035,-1.5332,0.0,-0.1035,-0.1035,-1.5332,-1.6367,0.0,NORMAL,4,3,1
2024-07-02,270.15,1.0465,2,2,0,100.0,2,2,2,1.0465,0.0,1.0465,0.0,0.0,0.0,1.0465,1.0465,0.0,LOW,2,0,2
2024-07-03,-1400.16,-4.255,4,0,4,0.0,4,4,4,-4.255,0.0,-3.1723,-1.0826,0.0,-1.0826,-3.1723,-3.1723,-1.0826,NORMAL,4,4,0
2024-07-04,-276.15,-1.0642,1,0,1,0.0,2,2,1,-1.0642,0.0,-1.0642,0.0,0.0,-1.0642,0.0,-1.0642,0.0,NORMAL,1,1,0
2024-07-05,369.06,1.4289,3,3,0,100.0,4,4,3,1.4289,0.0,1.4289,0.0,0.0,0.0,1.4289,1.4289,0.0,LOW,3,0,3
2024-07-08,700.89,2.7182,5,5,0,100.0,5,5,4,2.5741,0.1441,2.5741,0.0,0.1441,2.7182,0.0,2.7182,0.0,LOW,5,0,5
2024-07-09,-320.25,-1.1839,4,2,2,50.0,4,4,4,-1.1839,0.0,-1.1839,0.0,0.0,0.0,-1.1839,-1.1839,0.0,LOW,4,2,2
2024-07-10,-500.61,-1.902,3,1,2,33.3,3,3,3,-1.902,0.0,-1.902,0.0,0.0,0.4932,-2.3952,-1.902,0.0,LOW,3,2,1
2024-07-11,392.02,1.5071,3,3,0,100.0,3,3,3,1.5071,0.0,1.5071,0.0,0.0,1.5071,0.0,1.5071,0.0,LOW,3,0,3
2024-07-12,230.33,0.9277,4,3,1,75.0,4,4,4,0.9277,0.0,0.9277,0.0,0.0,0.0,0.9277,0.9277,0.0,HIGH,4,1,3
2024-07-15,1420.66,3.4801,5,4,1,80.0,5,5,4,3.6255,-0.1454,1.7386,1.8869,-0.1454,0.4147,3.0654,1.5932,1.8869,HIGH,5,1,4
2024-07-16,-120.08,-0.469,2,1,1,50.0,3,3,2,-0.469,0.0,-0.469,0.0,0.0,0.0,-0.469,-0.469,0.0,NORMAL,2,1,1
2024-07-17,247.68,0.9531,2,2,0,100.0,4,4,2,0.9531,0.0,0.9531,0.0,0.0,0.4772,0.4759,0.9531,0.0,LOW,2,0,2
2024-07-18,-1097.26,-4.2386,4,0,4,0.0,4,4,4,-4.2386,0.0,-4.2386,0.0,0.0,-4.2386,0.0,-4.2386,0.0,HIGH,4,4,0
2024-07-19,-1014.99,-2.8009,4,1,3,25.0,4,4,4,-2.8009,0.0,-1.7665,-1.0344,0.0,-2.8009,0.0,-1.7665,-1.0344,LOW,4,3,1
2024-07-22,1025.69,3.001,6,6,0,100.0,6,6,5,2.9157,0.0852,2.013,0.9027,0.0852,1.1604,1.8406,2.0983,0.9027,LOW,6,0,6
2024-07-23,16.04,0.0454,3,2,1,66.7,3,3,3,0.0454,0.0,0.0454,0.0,0.0,0.0454,0.0,0.0454,0.0,LOW,3,1,2
2024-07-24,921.29,2.0535,5,4,1,80.0,5,5,5,2.0535,0.0,0.6461,1.4074,0.0,0.4615,1.592,0.6461,1.4074,LOW,5,1,4
2024-07-25,-249.68,-0.9515,4,2,2,50.0,5,5,4,-0.9515,0.0,-0.9515,0.0,0.0,-0.9515,0.0,-0.9515,0.0,HIGH,4,2,2
2024-07-26,-676.31,-2.6468,4,1,3,25.0,4,4,4,-2.6468,0.0,-2.6468,0.0,0.0,-2.6468,0.0,-2.6468,0.0,HIGH,4,3,1
2024-07-29,194.98,0.7441,5,3,2,60.0,5,5,4,0.7914,-0.0473,0.7914,0.0,-0.0473,1.2555,-0.5114,0.7441,0.0,HIGH,5,2,3
2024-07-30,-1249.86,-3.7495,5,1,4,20.0,5,5,5,-3.7495,0.0,-2.7208,-1.0287,0.0,-4.3252,0.5757,-2.7208,-1.0287,LOW,5,4,1
2024-07-31,48.98,0.2176,3,2,1,66.7,3,3,3,0.2176,0.0,0.2176,0.0,0.0,0.2176,0.0,0.2176,0.0,HIGH,3,1,2
2024-08-01,-623.33,-2.4522,4,1,3,25.0,4,4,4,-2.4522,0.0,-2.4522,0.0,0.0,-2.4522,0.0,-2.4522,0.0,HIGH,4,3,1
2024-08-02,53.88,0.208,3,2,1,66.7,3,3,3,0.208,0.0,0.208,0.0,0.0,0.208,0.0,0.208,0.0,HIGH,3,1,2
2024-08-05,-1872.31,-6.1947,6,0,6,0.0,6,6,5,-5.1807,-1.014,-4.1726,-1.0081,-1.014,-5.1866,-1.0081,-5.1866,-1.0081,HIGH,6,6,0
2024-08-06,-1047.07,-4.0812,4,0,4,0.0,5,5,4,-4.0812,0.0,-4.0812,0.0,0.0,0.0,-4.0812,-4.0812,0.0,HIGH,4,4,0
2024-08-07,160.52,0.7661,5,3,2,60.0,5,5,5,0.7661,0.0,0.9154,-0.1493,0.0,1.7876,-1.0214,0.9154,-0.1493,HIGH,5,2,3
2024-08-08,260.81,1.0274,4,3,1,75.0,5,5,4,1.0274,0.0,1.0274,0.0,0.0,1.0274,0.0,1.0274,0.0,HIGH,4,1,3
2024-08-09,682.13,2.6634,4,4,0,100.0,5,5,4,2.6634,0.0,2.6634,0.0,0.0,0.0,2.6634,2.6634,0.0,HIGH,4,0,4
2024-08-12,-348.87,-0.258,6,4,2,66.7,6,6,5,-0.3732,0.1151,0.6598,-1.0329,0.1151,0.7972,-1.0552,0.7749,-1.0329,NORMAL,6,2,4
2024-08-13,448.25,1.733,3,3,0,100.0,4,4,3,1.733,0.0,1.733,0.0,0.0,1.733,0.0,1.733,0.0,NORMAL,3,0,3
2024-08-14,205.81,0.8547,4,3,1,75.0,5,5,4,0.8547,0.0,0.8547,0.0,0.0,0.0,0.8547,0.8547,0.0,NORMAL,4,1,3
2024-08-15,147.65,0.5722,1,1,0,100.0,1,1,1,0.5722,0.0,0.5722,0.0,0.0,0.0,0.5722,0.5722,0.0,NORMAL,1,0,1
2024-08-16,155.06,0.5998,1,1,0,100.0,1,1,1,0.5998,0.0,0.5998,0.0,0.0,0.0,0.5998,0.5998,0.0,NORMAL,1,0,1
2024-08-19,-185.55,-0.4864,6,3,3,50.0,6,6,5,-1.0096,0.5232,-0.826,-0.1837,0.5232,0.5232,-1.0096,-0.3028,-0.1837,NORMAL,6,3,3
2024-08-20,637.36,2.4792,4,4,0,100.0,5,5,4,2.4792,0.0,2.4792,0.0,0.0,0.0,2.4792,2.4792,0.0,NORMAL,4,0,4
2024-08-21,636.82,2.4725,4,4,0,100.0,5,5,4,2.4725,0.0,2.4725,0.0,0.0,2.4725,0.0,2.4725,0.0,NORMAL,4,0,4
2024-08-22,464.97,1.7942,3,3,0,100.0,4,4,3,1.7942,0.0,1.7942,0.0,0.0,0.0,1.7942,1.7942,0.0,HIGH,3,0,3
2024-08-23,609.64,2.3589,4,4,0,100.0,5,5,4,2.3589,0.0,2.3589,0.0,0.0,2.3589,0.0,2.3589,0.0,NORMAL,4,0,4
2024-08-26,-667.65,-2.5517,5,1,4,20.0,5,5,4,-2.397,-0.1547,-2.397,0.0,-0.1547,-2.5517,0.0,-2.5517,0.0,HIGH,5,4,1
2024-08-27,-125.21,-0.5005,2,1,1,50.0,2,2,2,-0.5005,0.0,-0.5005,0.0,0.0,0.5847,-1.0851,-0.5005,0.0,LOW,2,1,1
2024-08-28,610.54,2.3659,4,4,0,100.0,4,4,4,2.3659,0.0,2.3659,0.0,0.0,2.3659,0.0,2.3659,0.0,NORMAL,4,0,4
2024-08-29,930.57,1.8355,4,3,1,75.0,4,4,4,1.8355,0.0,0.1482,1.6872,0.0,2.2735,-0.4381,0.1482,1.6872,HIGH,4,1,3
2024-08-30,631.62,2.4453,4,4,0,100.0,5,5,4,2.4453,0.0,2.4453,0.0,0.0,1.8663,0.5789,2.4453,0.0,NORMAL,4,0,4
2024-09-02,36.92,0.166,4,3,1,75.0,4,4,3,0.0443,0.1218,0.0443,0.0,0.1218,0.7096,-0.5436,0.166,0.0,NORMAL,4,1,3
2024-09-03,540.44,0.3144,5,3,2,60.0,5,5,5,0.3144,0.0,-1.3322,1.6467,0.0,-1.3322,1.6467,-1.3322,1.6467,LOW,5,2,3
2024-09-04,-1091.63,-4.2194,4,0,4,0.0,5,5,4,-4.2194,0.0,-4.2194,0.0,0.0,-4.2194,0.0,-4.2194,0.0,HIGH,4,4,0
2024-09-05,238.4,0.914,4,3,1,75.0,4,4,4,0.914,0.0,0.914,0.0,0.0,0.914,0.0,0.914,0.0,HIGH,4,1,3
2024-09-06,63.5,1.3756,5,4,1,80.0,5,5,5,1.3756,0.0,2.4072,-1.0316,0.0,2.4072,-1.0316,2.4072,-1.0316,NORMAL,5,1,4
2024-09-09,541.43,2.079,5,4,1,80.0,5,5,4,2.5372,-0.4582,2.5372,0.0,-0.4582,2.079,0.0,2.079,0.0,HIGH,5,1,4
2024-09-10,-124.15,-0.4633,2,1,1,50.0,2,2,2,-0.4633,0.0,-0.4633,0.0,0.0,0.0,-0.4633,-0.4633,0.0,HIGH,2,1,1
2024-09-11,-1702.87,-5.4723,5,0,5,0.0,5,5,5,-5.4723,0.0,-4.4511,-1.0212,0.0,-4.4511,-1.0212,-4.4511,-1.0212,NORMAL,5,5,0
2024-09-12,-638.76,-2.4501,4,1,3,25.0,4,4,4,-2.4501,0.0,-2.4501,0.0,0.0,0.0,-2.4501,-2.4501,0.0,HIGH,4,3,1
2024-09-13,-1112.21,-4.3133,4,0,4,0.0,4,4,4,-4.3133,0.0,-4.3133,0.0,0.0,-4.3133,0.0,-4.3133,0.0,HIGH,4,4,0
2024-09-16,391.54,1.5671,5,4,1,80.0,5,5,4,0.7788,0.7882,0.7788,0.0,0.7882,1.5671,0.0,1.5671,0.0,HIGH,5,1,4
2024-09-17,-225.66,-0.8825,4,2,2,50.0,4,4,4,-0.8825,0.0,-0.8825,0.0,0.0,0.0,-0.8825,-0.8825,0.0,NORMAL,4,2,2
2024-09-18,-820.14,-2.0736,2,0,2,0.0,2,2,2,-2.0736,0.0,-1.0471,-1.0265,0.0,-1.0471,-1.0265,-1.0471,-1.0265,HIGH,2,2,0
2024-09-19,-1061.57,-4.1302,4,0,4,0.0,4,4,4,-4.1302,0.0,-4.1302,0.0,0.0,0.0,-4.1302,-4.1302,0.0,HIGH,4,4,0
2024-09-20,648.23,2.527,4,4,0,100.0,4,4,4,2.527,0.0,2.527,0.0,0.0,0.0,2.527,2.527,0.0,HIGH,4,0,4
2024-09-23,87.32,0.3426,4,3,1,75.0,4,4,3,0.0747,0.2679,0.0747,0.0,0.2679,1.4224,-1.0798,0.3426,0.0,HIGH,4,1,3
2024-09-24,1439.35,3.5647,4,4,0,100.0,4,4,4,3.5647,0.0,1.6716,1.8931,0.0,2.9894,0.5753,1.6716,1.8931,HIGH,4,0,4
2024-09-25,594.4,2.3182,4,4,0,100.0,5,5,4,2.3182,0.0,2.3182,0.0,0.0,1.8644,0.4538,2.3182,0.0,NORMAL,4,0,4
2024-09-26,-131.32,-0.5009,2,1,1,50.0,2,2,2,-0.5009,0.0,-0.5009,0.0,0.0,0.5656,-1.0665,-0.5009,0.0,NORMAL,2,1,1
2024-09-27,-1192.92,-3.5044,5,1,4,20.0,5,5,5,-3.5044,0.0,-2.4747,-1.0297,0.0,-1.0297,-2.4747,-2.4747,-1.0297,NORMAL,5,4,1
2024-09-30,-252.81,0.1112,6,4,2,66.7,6,6,5,-0.0822,0.1934,0.9403,-1.0225,0.1934,0.8029,-0.6918,1.1337,-1.0225,HIGH,6,2,4
2024-10-01,-1646.58,-5.3029,5,0,5,0.0,5,5,5,-5.3029,0.0,-4.273,-1.0298,0.0,-1.0298,-4.273,-4.273,-1.0298,HIGH,5,5,0
2024-10-02,-1095.09,-4.2707,4,0,4,0.0,4,4,4,-4.2707,0.0,-4.2707,0.0,0.0,0.0,-4.2707,-4.2707,0.0,HIGH,4,4,0
2024-10-03,-813.41,-3.1817,3,0,3,0.0,3,3,3,-3.1817,0.0,-3.1817,0.0,0.0,0.0,-3.1817,-3.1817,0.0,HIGH,3,3,0
2024-10-04,-961.99,-2.6837,4,1,3,25.0,4,4,4,-2.6837,0.0,-1.6487,-1.0351,0.0,-1.6487,-1.0351,-1.6487,-1.0351,HIGH,4,3,1
2024-10-07,589.38,2.3094,5,4,1,80.0,5,5,4,2.5226,-0.2132,2.5226,0.0,-0.2132,2.3094,0.0,2.3094,0.0,HIGH,5,1,4
2024-10-08,673.58,2.6393,4,4,0,100.0,4,4,4,2.6393,0.0,2.6393,0.0,0.0,2.6393,0.0,2.6393,0.0,HIGH,4,0,4
2024-10-09,66.24,1.3682,5,4,1,80.0,5,5,5,1.3682,0.0,2.4145,-1.0463,0.0,1.3682,0.0,2.4145,-1.0463,LOW,5,1,4
2024-10-10,607.16,2.3721,4,4,0,100.0,5,5,4,2.3721,0.0,2.3721,0.0,0.0,2.3721,0.0,2.3721,0.0,NORMAL,4,0,4
2024-10-11,615.92,2.4034,4,4,0,100.0,4,4,4,2.4034,0.0,2.4034,0.0,0.0,0.5551,1.8483,2.4034,0.0,NORMAL,4,0,4
2024-10-14,605.98,2.3518,5,4,1,80.0,5,5,4,2.4285,-0.0768,2.4285,0.0,-0.0768,2.3518,0.0,2.3518,0.0,LOW,5,1,4
2024-10-15,-263.27,-1.064,4,2,2,50.0,4,4,4,-1.064,0.0,-1.064,0.0,0.0,-1.064,0.0,-1.064,0.0,LOW,4,2,2
2024-10-16,479.06,2.2115,5,4,1,80.0,5,5,5,2.2115,0.0,2.5456,-0.3342,0.0,2.2115,0.0,2.5456,-0.3342,NORMAL,5,1,4
2024-10-17,442.36,1.7194,3,3,0,100.0,4,4,3,1.7194,0.0,1.7194,0.0,0.0,1.7194,0.0,1.7194,0.0,LOW,3,0,3
2024-10-18,143.86,0.5442,4,3,1,75.0,5,5,4,0.5442,0.0,0.5442,0.0,0.0,0.5442,0.0,0.5442,0.0,LOW,4,1,3
2024-10-21,445.06,1.7194,5,4,1,80.0,5,5,4,2.2429,-0.5235,2.2429,0.0,-0.5235,-0.0697,1.7891,1.7194,0.0,NORMAL,5,1,4
2024-10-22,420.3,1.6288,3,3,0,100.0,3,3,3,1.6288,0.0,1.6288,0.0,0.0,1.6288,0.0,1.6288,0.0,NORMAL,3,0,3
2024-10-23,-946.55,-3.1952,5,1,4,20.0,5,5,5,-3.1952,0.0,-2.7063,-0.4889,0.0,-0.4889,-2.7063,-2.7063,-0.4889,LOW,5,4,1
2024-10-24,-277.21,-1.0875,1,0,1,0.0,2,2,1,-1.0875,0.0,-1.0875,0.0,0.0,-1.0875,0.0,-1.0875,0.0,NORMAL,1,1,0
2024-10-25,489.94,1.8928,3,3,0,100.0,4,4,3,1.8928,0.0,1.8928,0.0,0.0,0.5861,1.3066,1.8928,0.0,NORMAL,3,0,3
2024-10-28,-1054.99,-4.0841,5,1,4,20.0,5,5,4,-4.1689,0.0848,-4.1689,0.0,0.0848,0.0848,-4.1689,-4.0841,0.0,HIGH,5,4,1
2024-10-29,-1765.34,-5.7746,5,0,5,0.0,5,5,5,-5.7746,0.0,-4.7217,-1.0529,0.0,-4.7217,-1.0529,-4.7217,-1.0529,LOW,5,5,0
2024-10-30,377.58,1.4804,3,3,0,100.0,3,3,3,1.4804,0.0,1.4804,0.0,0.0,1.4804,0.0,1.4804,0.0,LOW,3,0,3
2024-10-31,159.13,0.8728,3,2,1,66.7,3,3,3,0.8728,0.0,1.1303,-0.2576,0.0,1.1303,-0.2576,1.1303,-0.2576,NORMAL,3,1,2
2024-11-01,-546.47,-2.1597,2,0,2,0.0,3,3,2,-2.1597,0.0,-2.1597,0.0,0.0,0.0,-2.1597,-2.1597,0.0,HIGH,2,2,0
2024-11-04,-415.54,-1.6176,4,1,3,25.0,4,4,3,-1.5182,-0.0994,-1.5182,0.0,-0.0994,-1.6176,0.0,-1.6176,0.0,HIGH,4,3,1
2024-11-05,-2.9,-0.017,3,2,1,66.7,4,4,3,-0.017,0.0,-0.017,0.0,0.0,1.0541,-1.0711,-0.017,0.0,LOW,3,1,2
2024-11-06,454.59,1.7705,3,3,0,100.0,3,3,3,1.7705,0.0,1.7705,0.0,0.0,0.0,1.7705,1.7705,0.0,HIGH,3,0,3
2024-11-07,5.48,0.0729,3,2,1,66.7,3,3,3,0.0729,0.0,0.0729,0.0,0.0,1.1489,-1.076,0.0729,0.0,HIGH,3,1,2
2024-11-08,298.15,1.1521,2,2,0,100.0,2,2,2,1.1521,0.0,1.1521,0.0,0.0,0.0,1.1521,1.1521,0.0,HIGH,2,0,2
2024-11-11,-1183.67,-4.6122,5,0,5,0.0,5,5,4,-4.2301,-0.3821,-4.2301,0.0,-0.3821,-0.3821,-4.2301,-4.6122,0.0,HIGH,5,5,0
2024-11-12,587.69,2.2893,4,4,0,100.0,4,4,4,2.2893,0.0,2.2893,0.0,0.0,1.5697,0.7196,2.2893,0.0,LOW,4,0,4
2024-11-13,598.74,2.3321,4,4,0,100.0,4,4,4,2.3321,0.0,2.3321,0.0,0.0,2.3321,0.0,2.3321,0.0,NORMAL,4,0,4
2024-11-14,446.43,1.7351,3,3,0,100.0,3,3,3,1.7351,0.0,1.7351,0.0,0.0,0.5682,1.1669,1.7351,0.0,NORMAL,3,0,3
2024-11-15,741.16,0.8989,5,3,2,60.0,5,5,5,0.8989,0.0,-1.0297,1.9286,0.0,0.0,0.8989,-1.0297,1.9286,NORMAL,5,2,3
2024-11-18,798.01,3.1118,5,5,0,100.0,5,5,4,2.5769,0.5349,2.5769,0.0,0.5349,0.5349,2.5769,3.1118,0.0,HIGH,5,0,5
2024-11-19,-665.01,-2.5785,4,1,3,25.0,4,4,4,-2.5785,0.0,-2.5785,0.0,0.0,-2.5785,0.0,-2.5785,0.0,NORMAL,4,3,1
2024-11-20,-1656.05,-5.3587,5,0,5,0.0,5,5,5,-5.3587,0.0,-4.3168,-1.0419,0.0,-1.0419,-4.3168,-4.3168,-1.0419,NORMAL,5,5,0
2024-11-21,244.91,0.8315,5,4,1,80.0,5,5,5,0.8315,0.0,0.7062,0.1253,0.0,0.7062,0.1253,0.7062,0.1253,HIGH,5,1,4
2024-11-22,-183.39,-0.7608,4,2,2,50.0,5,5,4,-0.7608,0.0,-0.7608,0.0,0.0,-0.7608,0.0,-0.7608,0.0,NORMAL,4,2,2
2024-11-25,630.68,2.4557,5,4,1,80.0,5,5,4,2.5556,-0.0999,2.5556,0.0,-0.0999,1.2381,1.2176,2.4557,0.0,HIGH,5,1,4
2024-11-26,-1126.48,-4.3838,4,0,4,0.0,4,4,4,-4.3838,0.0,-4.3838,0.0,0.0,-4.3838,0.0,-4.3838,0.0,NORMAL,4,4,0
2024-11-27,833.76,1.9446,5,4,1,80.0,5,5,5,1.9446,0.0,0.6755,1.2691,0.0,-0.4792,2.4238,0.6755,1.2691,HIGH,5,1,4
2024-11-28,-204.84,-0.7698,4,2,2,50.0,5,5,4,-0.7698,0.0,-0.7698,0.0,0.0,0.0,-0.7698,-0.7698,0.0,HIGH,4,2,2
2024-11-29,-311.21,-1.2384,4,2,2,50.0,6,6,4,-1.2384,0.0,-1.2384,0.0,0.0,-1.2384,0.0,-1.2384,0.0,LOW,4,2,2
2024-12-02,-494.66,-0.8927,6,3,3,50.0,6,6,5,-0.2027,-0.69,0.8298,-1.0325,-0.69,-0.5405,-0.3522,0.1398,-1.0325,HIGH,6,3,3
2024-12-03,-275.72,-1.0168,4,2,2,50.0,4,4,4,-1.0168,0.0,-1.0168,0.0,0.0,0.0,-1.0168,-1.0168,0.0,HIGH,4,2,2
2024-12-04,-325.35,-0.1395,5,3,2,60.0,5,5,5,-0.1395,0.0,0.9021,-1.0417,0.0,-2.1053,1.9658,0.9021,-1.0417,HIGH,5,2,3
2024-12-05,466.29,1.8194,3,3,0,100.0,4,4,3,1.8194,0.0,1.8194,0.0,0.0,1.2093,0.6101,1.8194,0.0,HIGH,3,0,3
2024-12-06,170.09,0.7102,4,3,1,75.0,5,5,4,0.7102,0.0,0.7102,0.0,0.0,-0.5749,1.2851,0.7102,0.0,NORMAL,4,1,3
2024-12-09,522.72,2.0565,4,4,0,100.0,4,4,3,1.8465,0.21,1.8465,0.0,0.21,2.0565,0.0,2.0565,0.0,HIGH,4,0,4
2024-12-10,-285.78,-1.0873,1,0,1,0.0,1,1,1,-1.0873,0.0,-1.0873,0.0,0.0,-1.0873,0.0,-1.0873,0.0,HIGH,1,1,0
2024-12-11,-870.59,-3.3726,3,0,3,0.0,3,3,3,-3.3726,0.0,-3.3726,0.0,0.0,-3.3726,0.0,-3.3726,0.0,LOW,3,3,0
2024-12-12,-97.39,0.6992,4,3,1,75.0,4,4,4,0.6992,0.0,1.7482,-1.049,0.0,0.6992,0.0,1.7482,-1.049,HIGH,4,1,3
2024-12-13,637.04,2.4853,4,4,0,100.0,4,4,4,2.4853,0.0,2.4853,0.0,0.0,0.0,2.4853,2.4853,0.0,NORMAL,4,0,4
2024-12-16,-92.5,-0.3731,5,3,2,60.0,5,5,4,-1.116,0.7428,-1.116,0.0,0.7428,1.8294,-2.2025,-0.3731,0.0,NORMAL,5,2,3
2024-12-17,12.98,0.0408,3,2,1,66.7,3,3,3,0.0408,0.0,0.0408,0.0,0.0,0.0,0.0408,0.0408,0.0,NORMAL,3,1,2
2024-12-18,-519.89,-0.9738,4,2,2,50.0,4,4,4,-0.9738,0.0,0.0747,-1.0485,0.0,0.0,-0.9738,0.0747,-1.0485,NORMAL,4,2,2
2024-12-19,104.75,-0.0062,3,2,1,66.7,3,3,3,-0.0062,0.0,-0.4217,0.4155,0.0,1.0284,-1.0345,-0.4217,0.4155,HIGH,3,1,2
2024-12-20,220.48,0.9017,4,3,1,75.0,5,5,4,0.9017,0.0,0.9017,0.0,0.0,-1.0561,1.9577,0.9017,0.0,HIGH,4,1,3
2024-12-23,130.16,0.4821,5,3,2,60.0,5,5,4,0.8105,-0.3283,0.8105,0.0,-0.3283,0.4211,0.061,0.4821,0.0,NORMAL,5,2,3
2024-12-24,-17.25,-0.0313,3,2,1,66.7,3,3,3,-0.0313,0.0,-0.0313,0.0,0.0,-0.5232,0.4919,-0.0313,0.0,NORMAL,3,1,2
2024-12-26,-269.45,-1.011,4,2,2,50.0,4,4,4,-1.011,0.0,-1.011,0.0,0.0,0.0,-1.011,-1.011,0.0,HIGH,4,2,2
2024-12-27,610.61,2.3846,4,4,0,100.0,4,4,4,2.3846,0.0,2.3846,0.0,0.0,2.3846,0.0,2.3846,0.0,LOW,4,0,4
2024-12-30,-869.44,-2.313,3,0,3,0.0,3,3,2,-2.1112,-0.2018,-1.0599,-1.0513,-0.2018,-1.2531,-1.0599,-1.2617,-1.0513,NORMAL,3,3,0
2024-12-31,-107.6,-0.4312,2,1,1,50.0,2,2,2,-0.4312,0.0,-0.4312,0.0,0.0,-0.4312,0.0,-0.4312,0.0,HIGH,2,1,1
2025-01-01,162.98,0.6372,1,1,0,100.0,1,1,1,0.6372,0.0,0.6372,0.0,0.0,0.6372,0.0,0.6372,0.0,NORMAL,1,0,1
2025-01-02,816.39,2.8817,5,5,0,100.0,6,6,5,2.8817,0.0,2.5848,0.2969,0.0,1.1866,1.695,2.5848,0.2969,HIGH,5,0,5
2025-01-06,-1024.76,-3.6857,6,1,5,16.7,6,6,5,-4.4754,0.7897,-4.1921,-0.2833,0.7897,0.5065,-4.1921,-3.4024,-0.2833,NORMAL,6,5,1
2025-01-07,-213.13,-0.8055,4,2,2,50.0,5,5,4,-0.8055,0.0,-0.8055,0.0,0.0,0.0,-0.8055,-0.8055,0.0,NORMAL,4,2,2
2025-01-08,441.69,1.7217,3,3,0,100.0,4,4,3,1.7217,0.0,1.7217,0.0,0.0,0.0,1.7217,1.7217,0.0,NORMAL,3,0,3
2025-01-09,-1126.46,-4.3911,4,0,4,0.0,5,5,4,-4.3911,0.0,-4.3911,0.0,0.0,-4.3911,0.0,-4.3911,0.0,NORMAL,4,4,0
2025-01-10,564.39,2.2018,4,4,0,100.0,5,5,4,2.2018,0.0,2.2018,0.0,0.0,2.2018,0.0,2.2018,0.0,LOW,4,0,4
2025-01-13,157.94,0.6002,5,3,2,60.0,5,5,4,0.8378,-0.2376,0.8378,0.0,-0.2376,-0.5236,1.1238,0.6002,0.0,HIGH,5,2,3
2025-01-14,-386.19,-1.4879,3,1,2,33.3,3,3,3,-1.4879,0.0,-1.4879,0.0,0.0,0.0,-1.4879,-1.4879,0.0,HIGH,3,2,1
2025-01-15,126.99,-0.6228,4,2,2,50.0,4,4,4,-0.6228,0.0,-1.7152,1.0924,0.0,-1.7152,1.0924,-1.7152,1.0924,NORMAL,4,2,2
2025-01-16,157.72,0.6277,4,3,1,75.0,5,5,4,0.6277,0.0,0.6277,0.0,0.0,0.6277,0.0,0.6277,0.0,NORMAL,4,1,3
2025-01-17,839.3,2.8503,5,5,0,100.0,5,5,5,2.8503,0.0,2.4311,0.4192,0.0,0.4192,2.4311,2.4311,0.4192,NORMAL,5,0,5
2025-01-20,1457.92,3.8182,4,4,0,100.0,4,4,3,3.0278,0.7904,1.1592,1.8686,0.7904,3.2317,0.5864,1.9496,1.8686,NORMAL,4,0,4
2025-01-21,-829.23,-3.2336,3,0,3,0.0,3,3,3,-3.2336,0.0,-3.2336,0.0,0.0,-3.2336,0.0,-3.2336,0.0,HIGH,3,3,0
2025-01-22,271.68,1.0686,2,2,0,100.0,2,2,2,1.0686,0.0,1.0686,0.0,0.0,1.0686,0.0,1.0686,0.0,HIGH,2,0,2
2025-01-23,-95.18,0.7391,4,3,1,75.0,4,4,4,0.7391,0.0,1.8121,-1.073,0.0,0.7391,0.0,1.8121,-1.073,LOW,4,1,3
2025-01-24,-1123.36,-4.3757,4,0,4,0.0,4,4,4,-4.3757,0.0,-4.3757,0.0,0.0,0.0,-4.3757,-4.3757,0.0,NORMAL,4,4,0
2025-01-27,-1050.86,-4.1051,5,1,4,20.0,5,5,4,-4.1555,0.0504,-4.1555,0.0,0.0504,-4.1051,0.0,-4.1051,0.0,HIGH,5,4,1
2025-01-28,228.78,0.8809,4,3,1,75.0,4,4,4,0.8809,0.0,0.8809,0.0,0.0,1.219,-0.3381,0.8809,0.0,HIGH,4,1,3
2025-01-29,1279.43,3.6651,5,5,0,100.0,5,5,5,3.6651,0.0,2.3578,1.3072,0.0,0.5137,3.1514,2.3578,1.3072,NORMAL,5,0,5
2025-01-30,-678.09,-2.6307,4,1,3,25.0,5,5,4,-2.6307,0.0,-2.6307,0.0,0.0,-3.2042,0.5735,-2.6307,0.0,HIGH,4,3,1
2025-01-31,634.27,1.5373,2,2,0,100.0,2,2,2,1.5373,0.0,0.625,0.9124,0.0,1.5373,0.0,0.625,0.9124,HIGH,2,0,2
2025-02-03,482.68,1.8867,5,4,1,80.0,5,5,4,1.0954,0.7913,1.0954,0.0,0.7913,1.8867,0.0,1.8867,0.0,HIGH,5,1,4
2025-02-04,-209.86,0.2582,3,2,1,66.7,4,4,3,0.2582,0.0,1.29,-1.0318,0.0,0.0,0.2582,1.29,-1.0318,HIGH,3,1,2
2025-02-05,-125.09,-0.4716,2,1,1,50.0,4,4,2,-0.4716,0.0,-0.4716,0.0,0.0,-1.1257,0.6541,-0.4716,0.0,NORMAL,2,1,1
2025-02-06,-819.28,-3.1942,3,0,3,0.0,5,5,3,-3.1942,0.0,-3.1942,0.0,0.0,-3.1942,0.0,-3.1942,0.0,NORMAL,3,3,0
2025-02-07,498.72,1.9473,3,3,0,100.0,4,4,3,1.9473,0.0,1.9473,0.0,0.0,1.9473,0.0,1.9473,0.0,HIGH,3,0,3
2025-02-10,667.34,2.6099,5,4,1,80.0,5,5,4,2.7077,-0.0978,2.7077,0.0,-0.0978,2.6099,0.0,2.6099,0.0,HIGH,5,1,4
2025-02-11,-255.79,-1.0078,4,2,2,50.0,4,4,4,-1.0078,0.0,-1.0078,0.0,0.0,-1.0078,0.0,-1.0078,0.0,LOW,4,2,2
2025-02-12,-810.83,-3.173,3,0,3,0.0,3,3,3,-3.173,0.0,-3.173,0.0,0.0,0.0,-3.173,-3.173,0.0,NORMAL,3,3,0
2025-02-13,-117.13,-0.4671,2,1,1,50.0,2,2,2,-0.4671,0.0,-0.4671,0.0,0.0,0.6055,-1.0726,-0.4671,0.0,HIGH,2,1,1
2025-02-14,656.77,2.5737,4,4,0,100.0,4,4,4,2.5737,0.0,2.5737,0.0,0.0,0.6266,1.9471,2.5737,0.0,HIGH,4,0,4
2025-02-17,379.36,-0.4415,6,3,3,50.0,6,6,5,-0.7329,0.2915,-2.5673,1.8343,0.2915,-2.2758,1.8343,-2.2758,1.8343,NORMAL,6,3,3
2025-02-18,598.8,2.3424,4,4,0,100.0,5,5,4,2.3424,0.0,2.3424,0.0,0.0,1.2318,1.1106,2.3424,0.0,LOW,4,0,4
2025-02-19,441.82,1.7297,3,3,0,100.0,4,4,3,1.7297,0.0,1.7297,0.0,0.0,1.1559,0.5739,1.7297,0.0,NORMAL,3,0,3
2025-02-20,-819.1,-3.7958,5,1,4,20.0,6,6,5,-3.7958,0.0,-4.3597,0.5639,0.0,-4.3597,0.5639,-4.3597,0.5639,NORMAL,5,4,1
2025-02-21,245.28,0.9501,4,3,1,75.0,5,5,4,0.9501,0.0,0.9501,0.0,0.0,0.6033,0.3468,0.9501,0.0,HIGH,4,1,3
2025-02-24,-632.97,-2.5107,5,2,3,40.0,5,5,4,-2.5297,0.019,-2.5297,0.0,0.019,0.019,-2.5297,-2.5107,0.0,HIGH,5,3,2
2025-02-25,645.56,2.5354,4,4,0,100.0,4,4,4,2.5354,0.0,2.5354,0.0,0.0,0.0,2.5354,2.5354,0.0,HIGH,4,0,4
2025-02-26,632.51,2.4748,4,4,0,100.0,4,4,4,2.4748,0.0,2.4748,0.0,0.0,0.7465,1.7283,2.4748,0.0,HIGH,4,0,4
2025-02-27,204.23,0.8401,4,3,1,75.0,4,4,4,0.8401,0.0,0.8401,0.0,0.0,0.0,0.8401,0.8401,0.0,HIGH,4,1,3
2025-02-28,-388.37,-1.5055,3,1,2,33.3,3,3,3,-1.5055,0.0,-1.5055,0.0,0.0,-1.5055,0.0,-1.5055,0.0,HIGH,3,2,1
2025-03-03,885.95,3.4693,5,5,0,100.0,5,5,4,2.6797,0.7896,2.6797,0.0,0.7896,0.7896,2.6797,3.4693,0.0,HIGH,5,0,5
2025-03-04,326.21,1.2743,2,2,0,100.0,2,2,2,1.2743,0.0,1.2743,0.0,0.0,1.2743,0.0,1.2743,0.0,HIGH,2,0,2
2025-03-06,-208.94,-0.8571,4,2,2,50.0,4,4,4,-0.8571,0.0,-0.8571,0.0,0.0,0.0,-0.8571,-0.8571,0.0,HIGH,4,2,2
2025-03-07,938.75,2.8012,4,4,0,100.0,4,4,4,2.8012,0.0,1.9774,0.8238,0.0,0.0,2.8012,1.9774,0.8238,HIGH,4,0,4
2025-03-10,183.82,0.7112,3,2,1,66.7,3,3,2,1.2583,-0.547,1.2583,0.0,-0.547,0.7112,0.0,0.7112,0.0,HIGH,3,1,2
2025-03-11,465.24,1.8186,3,3,0,100.0,3,3,3,1.8186,0.0,1.8186,0.0,0.0,1.8186,0.0,1.8186,0.0,HIGH,3,0,3
2025-03-12,153.3,0.6063,1,1,0,100.0,1,1,1,0.6063,0.0,0.6063,0.0,0.0,0.0,0.6063,0.6063,0.0,HIGH,1,0,1
2025-03-13,-523.13,-0.9619,4,2,2,50.0,4,4,4,-0.9619,0.0,0.0683,-1.0302,0.0,-1.0532,0.0913,0.0683,-1.0302,HIGH,4,2,2
2025-03-14,-811.53,-3.1619,3,0,3,0.0,4,4,3,-3.1619,0.0,-3.1619,0.0,0.0,0.0,-3.1619,-3.1619,0.0,HIGH,3,3,0
2025-03-17,1822.62,5.093,6,6,0,100.0,6,6,5,4.4382,0.6548,2.5209,1.9173,0.6548,2.5721,2.5209,3.1757,1.9173,HIGH,6,0,6
2025-03-18,-1115.73,-3.2194,3,0,3,0.0,3,3,3,-3.2194,0.0,-2.1719,-1.0475,0.0,-1.0475,-2.1719,-2.1719,-1.0475,NORMAL,3,3,0
2025-03-19,444.76,1.7415,3,3,0,100.0,3,3,3,1.7415,0.0,1.7415,0.0,0.0,0.0,1.7415,1.7415,0.0,HIGH,3,0,3
2025-03-20,-1375.08,-4.2575,4,0,4,0.0,4,4,4,-4.2575,0.0,-3.2182,-1.0392,0.0,-3.2182,-1.0392,-3.2182,-1.0392,HIGH,4,4,0
2025-03-21,-343.28,-0.2669,5,3,2,60.0,5,5,5,-0.2669,0.0,0.7663,-1.0332,0.0,0.2497,-0.5167,0.7663,-1.0332,NORMAL,5,2,3
2025-03-24,-771.22,-3.0186,4,1,3,25.0,4,4,3,-3.1201,0.1015,-3.1201,0.0,0.1015,0.1015,-3.1201,-3.0186,0.0,HIGH,4,3,1
2025-03-25,68.98,1.3719,5,4,1,80.0,5,5,5,1.3719,0.0,2.4307,-1.0588,0.0,0.0,1.3719,2.4307,-1.0588,NORMAL,5,1,4
2025-03-26,-952.07,-2.6618,4,1,3,25.0,5,5,4,-2.6618,0.0,-1.6264,-1.0354,0.0,-1.0354,-1.6264,-1.6264,-1.0354,NORMAL,4,3,1
2025-03-27,669.01,2.6116,4,4,0,100.0,5,5,4,2.6116,0.0,2.6116,0.0,0.0,2.6116,0.0,2.6116,0.0,HIGH,4,0,4
2025-03-28,640.58,2.4984,4,4,0,100.0,5,5,4,2.4984,0.0,2.4984,0.0,0.0,2.4984,0.0,2.4984,0.0,NORMAL,4,0,4
2025-03-31,-442.49,-1.7183,4,1,3,25.0,4,4,3,-1.4936,-0.2247,-1.4936,0.0,-0.2247,-1.7183,0.0,-1.7183,0.0,HIGH,4,3,1
2025-04-01,3.65,0.0576,3,2,1,66.7,3,3,3,0.0576,0.0,0.0576,0.0,0.0,0.0576,0.0,0.0576,0.0,HIGH,3,1,2
2025-04-02,-114.99,-0.4195,2,1,1,50.0,2,2,2,-0.4195,0.0,-0.4195,0.0,0.0,0.0,-0.4195,-0.4195,0.0,HIGH,2,1,1
2025-04-03,-621.74,-2.3888,4,1,3,25.0,4,4,4,-2.3888,0.0,-2.3888,0.0,0.0,-2.3888,0.0,-2.3888,0.0,HIGH,4,3,1
2025-04-04,88.54,0.4932,2,1,1,50.0,3,3,2,0.4932,0.0,0.6279,-0.1346,0.0,0.0,0.4932,0.6279,-0.1346,HIGH,2,1,1
2025-04-07,910.2,3.5552,5,5,0,100.0,5,5,4,2.7658,0.7895,2.7658,0.0,0.7895,3.5552,0.0,3.5552,0.0,HIGH,5,0,5
2025-04-08,-529.06,-1.0216,1,0,1,0.0,1,1,1,-1.0216,0.0,0.0,-1.0216,0.0,-1.0216,0.0,0.0,-1.0216,HIGH,1,1,0
2025-04-09,480.89,1.8795,3,3,0,100.0,3,3,3,1.8795,0.0,1.8795,0.0,0.0,1.8795,0.0,1.8795,0.0,HIGH,3,0,3
2025-04-10,-96.07,-0.3916,2,1,1,50.0,2,2,2,-0.3916,0.0,-0.3916,0.0,0.0,-0.3916,0.0,-0.3916,0.0,HIGH,2,1,1
2025-04-11,-474.0,-0.7878,4,2,2,50.0,4,4,4,-0.7878,0.0,0.2315,-1.0193,0.0,0.2315,-1.0193,0.2315,-1.0193,HIGH,4,2,2
2025-04-14,839.73,3.2702,5,5,0,100.0,5,5,4,2.6789,0.5913,2.6789,0.0,0.5913,2.6479,0.6223,3.2702,0.0,HIGH,5,0,5
2025-04-15,-126.28,-0.4725,2,1,1,50.0,2,2,2,-0.4725,0.0,-0.4725,0.0,0.0,0.0,-0.4725,-0.4725,0.0,HIGH,2,1,1
2025-04-16,-535.16,-1.0243,4,2,2,50.0,4,4,4,-1.0243,0.0,0.0126,-1.0369,0.0,-0.5792,-0.4451,0.0126,-1.0369,HIGH,4,2,2
2025-04-17,-377.66,-1.4903,3,1,2,33.3,3,3,3,-1.4903,0.0,-1.4903,0.0,0.0,0.0,-1.4903,-1.4903,0.0,HIGH,3,2,1
2025-04-18,336.74,1.3017,2,2,0,100.0,2,2,2,1.3017,0.0,1.3017,0.0,0.0,0.561,0.7407,1.3017,0.0,HIGH,2,0,2
2025-04-21,890.79,3.4653,5,5,0,100.0,5,5,4,2.6729,0.7924,2.6729,0.0,0.7924,3.4653,0.0,3.4653,0.0,NORMAL,5,0,5
2025-04-22,121.02,1.4741,5,4,1,80.0,5,5,5,1.4741,0.0,2.5051,-1.031,0.0,0.0,1.4741,2.5051,-1.031,NORMAL,5,1,4
2025-04-23,-177.54,-0.6919,4,2,2,50.0,4,4,4,-0.6919,0.0,-0.6919,0.0,0.0,0.0,-0.6919,-0.6919,0.0,HIGH,4,2,2
2025-04-24,161.39,0.6333,1,1,0,100.0,2,2,1,0.6333,0.0,0.6333,0.0,0.0,0.6333,0.0,0.6333,0.0,HIGH,1,0,1
2025-04-25,-128.57,-0.5039,2,1,1,50.0,3,3,2,-0.5039,0.0,-0.5039,0.0,0.0,0.0,-0.5039,-0.5039,0.0,NORMAL,2,1,1
2025-04-28,491.31,1.9147,3,3,0,100.0,3,3,2,1.2354,0.6793,1.2354,0.0,0.6793,1.9147,0.0,1.9147,0.0,HIGH,3,0,3
2025-04-30,843.51,1.3916,3,2,1,66.7,3,3,3,1.3916,0.0,-0.537,1.9286,0.0,2.5032,-1.1116,-0.537,1.9286,NORMAL,3,1,2
2025-05-01,512.6,1.2443,2,2,0,100.0,3,3,2,1.2443,0.0,0.4896,0.7546,0.0,1.2443,0.0,0.4896,0.7546,HIGH,2,0,2
2025-05-02,528.15,2.0432,4,4,0,100.0,5,5,4,2.0432,0.0,2.0432,0.0,0.0,0.6164,1.4268,2.0432,0.0,HIGH,4,0,4
2025-05-05,-201.61,-0.7741,5,3,2,60.0,5,5,4,-0.8699,0.0959,-0.8699,0.0,0.0959,-0.7741,0.0,-0.7741,0.0,HIGH,5,2,3
2025-05-06,-120.95,-0.4584,2,1,1,50.0,2,2,2,-0.4584,0.0,-0.4584,0.0,0.0,-0.4584,0.0,-0.4584,0.0,NORMAL,2,1,1
2025-05-07,-643.62,-2.4971,4,1,3,25.0,4,4,4,-2.4971,0.0,-2.4971,0.0,0.0,0.0,-2.4971,-2.4971,0.0,HIGH,4,3,1
2025-05-08,-275.15,-1.0582,1,0,1,0.0,2,2,1,-1.0582,0.0,-1.0582,0.0,0.0,0.0,-1.0582,-1.0582,0.0,HIGH,1,1,0
2025-05-09,-672.76,-2.6217,4,1,3,25.0,4,4,4,-2.6217,0.0,-2.6217,0.0,0.0,-2.6217,0.0,-2.6217,0.0,HIGH,4,3,1
2025-05-12,-1334.7,-5.1898,5,0,5,0.0,5,5,4,-4.1803,-1.0096,-4.1803,0.0,-1.0096,-1.0096,-4.1803,-5.1898,0.0,HIGH,5,5,0
2025-05-13,-224.41,-0.9187,4,2,2,50.0,4,4,4,-0.9187,0.0,-0.9187,0.0,0.0,-1.4622,0.5435,-0.9187,0.0,NORMAL,4,2,2
2025-05-14,1517.58,4.1065,5,5,0,100.0,5,5,5,4.1065,0.0,2.3074,1.7991,0.0,1.0359,3.0706,2.3074,1.7991,NORMAL,5,0,5
2025-05-15,-148.14,-0.7645,5,3,2,60.0,5,5,5,-0.7645,0.0,-0.9653,0.2008,0.0,-0.9653,0.2008,-0.9653,0.2008,HIGH,5,2,3
2025-05-16,-1118.92,-4.3568,4,0,4,0.0,5,5,4,-4.3568,0.0,-4.3568,0.0,0.0,-4.3568,0.0,-4.3568,0.0,NORMAL,4,4,0
2025-05-19,467.06,1.7913,5,4,1,80.0,5,5,4,1.0,0.7912,1.0,0.0,0.7912,1.7913,0.0,1.7913,0.0,NORMAL,5,1,4
2025-05-20,206.15,1.3658,4,3,1,75.0,5,5,4,1.3658,0.0,1.925,-0.5592,0.0,0.0,1.3658,1.925,-0.5592,LOW,4,1,3
2025-05-21,654.41,2.545,4,4,0,100.0,5,5,4,2.545,0.0,2.545,0.0,0.0,2.545,0.0,2.545,0.0,NORMAL,4,0,4
2025-05-22,676.01,2.6277,4,4,0,100.0,5,5,4,2.6277,0.0,2.6277,0.0,0.0,0.0,2.6277,2.6277,0.0,HIGH,4,0,4
2025-05-23,144.53,0.5665,1,1,0,100.0,2,2,1,0.5665,0.0,0.5665,0.0,0.0,0.0,0.5665,0.5665,0.0,NORMAL,1,0,1
2025-05-26,301.23,1.1573,5,4,1,80.0,5,5,4,0.884,0.2732,0.884,0.0,0.2732,2.182,-1.0248,1.1573,0.0,NORMAL,5,1,4
2025-05-27,713.15,1.3493,4,3,1,75.0,5,5,4,1.3493,0.0,-0.0662,1.4155,0.0,1.3493,0.0,-0.0662,1.4155,LOW,4,1,3
2025-05-28,604.27,2.3466,4,4,0,100.0,5,5,4,2.3466,0.0,2.3466,0.0,0.0,2.3466,0.0,2.3466,0.0,LOW,4,0,4
2025-05-29,-226.88,-0.8842,4,2,2,50.0,5,5,4,-0.8842,0.0,-0.8842,0.0,0.0,0.5694,-1.4536,-0.8842,0.0,NORMAL,4,2,2
2025-05-30,-272.55,-1.0649,4,2,2,50.0,4,4,4,-1.0649,0.0,-1.0649,0.0,0.0,-1.0649,0.0,-1.0649,0.0,NORMAL,4,2,2
2025-06-02,-190.61,0.3443,3,2,1,66.7,3,3,2,-0.446,0.7904,0.6052,-1.0513,0.7904,1.3956,-1.0513,1.3956,-1.0513,HIGH,3,1,2
2025-06-03,641.06,2.4852,4,4,0,100.0,5,5,4,2.4852,0.0,2.4852,0.0,0.0,1.8634,0.6218,2.4852,0.0,NORMAL,4,0,4
2025-06-04,147.7,0.5731,1,1,0,100.0,1,1,1,0.5731,0.0,0.5731,0.0,0.0,0.0,0.5731,0.5731,0.0,NORMAL,1,0,1
2025-06-05,1545.4,4.2365,5,5,0,100.0,5,5,5,4.2365,0.0,2.5098,1.7267,0.0,4.2365,0.0,2.5098,1.7267,NORMAL,5,0,5
2025-06-06,917.09,2.6825,4,4,0,100.0,4,4,4,2.6825,0.0,1.8285,0.854,0.0,2.6825,0.0,1.8285,0.854,HIGH,4,0,4
2025-06-09,707.05,2.728,5,5,0,100.0,5,5,4,2.4808,0.2472,2.4808,0.0,0.2472,1.5507,1.1773,2.728,0.0,LOW,5,0,5
2025-06-10,456.35,1.7697,3,3,0,100.0,3,3,3,1.7697,0.0,1.7697,0.0,0.0,1.1612,0.6086,1.7697,0.0,LOW,3,0,3
2025-06-11,-1.45,-0.0485,3,2,1,66.7,3,3,3,-0.0485,0.0,-0.0485,0.0,0.0,1.0905,-1.1391,-0.0485,0.0,NORMAL,3,1,2
2025-06-12,-852.58,-3.295,3,0,3,0.0,3,3,3,-3.295,0.0,-3.295,0.0,0.0,-3.295,0.0,-3.295,0.0,NORMAL,3,3,0
2025-06-13,-731.97,-2.8565,4,1,3,25.0,4,4,4,-2.8565,0.0,-2.8565,0.0,0.0,-2.8565,0.0,-2.8565,0.0,NORMAL,4,3,1
2025-06-16,611.5,2.3793,4,4,0,100.0,4,4,3,1.8847,0.4947,1.8847,0.0,0.4947,1.1221,1.2573,2.3793,0.0,HIGH,4,0,4
2025-06-17,500.95,1.9119,3,3,0,100.0,4,4,3,1.9119,0.0,1.9119,0.0,0.0,1.1582,0.7537,1.9119,0.0,NORMAL,3,0,3
2025-06-18,305.54,1.1663,2,2,0,100.0,3,3,2,1.1663,0.0,1.1663,0.0,0.0,0.0,1.1663,1.1663,0.0,NORMAL,2,0,2
2025-06-19,-238.25,-0.8926,4,2,2,50.0,4,4,4,-0.8926,0.0,-0.8926,0.0,0.0,-0.8926,0.0,-0.8926,0.0,NORMAL,4,2,2
2025-06-20,7.77,0.035,3,2,1,66.7,3,3,3,0.035,0.0,0.035,0.0,0.0,0.5241,-0.4892,0.035,0.0,NORMAL,3,1,2
2025-06-23,-310.82,-0.1615,5,3,2,60.0,5,5,4,-0.951,0.7895,0.0888,-1.0398,0.7895,0.9004,-1.0619,0.8783,-1.0398,NORMAL,5,2,3
2025-06-24,-275.06,-1.0917,4,2,2,50.0,4,4,4,-1.0917,0.0,-1.0917,0.0,0.0,-2.1877,1.096,-1.0917,0.0,HIGH,4,2,2
2025-06-25,428.54,1.664,3,3,0,100.0,3,3,3,1.664,0.0,1.664,0.0,0.0,0.5476,1.1164,1.664,0.0,NORMAL,3,0,3
2025-06-26,-778.97,-2.0041,5,2,3,40.0,5,5,5,-2.0041,0.0,-0.9545,-1.0496,0.0,-0.9545,-1.0496,-0.9545,-1.0496,LOW,5,3,2
2025-06-27,652.61,2.5122,4,4,0,100.0,4,4,4,2.5122,0.0,2.5122,0.0,0.0,2.5122,0.0,2.5122,0.0,LOW,4,0,4
2025-06-30,-637.2,-1.4215,4,1,3,25.0,4,4,3,-1.3458,-0.0757,-0.2963,-1.0495,-0.0757,-0.372,-1.0495,-0.372,-1.0495,HIGH,4,3,1
2025-07-01,-724.4,-2.7847,4,1,3,25.0,4,4,4,-2.7847,0.0,-2.7847,0.0,0.0,-2.7847,0.0,-2.7847,0.0,NORMAL,4,3,1
2025-07-02,147.44,0.5894,1,1,0,100.0,1,1,1,0.5894,0.0,0.5894,0.0,0.0,0.5894,0.0,0.5894,0.0,NORMAL,1,0,1
2025-07-03,7.87,0.0253,3,2,1,66.7,3,3,3,0.0253,0.0,0.0253,0.0,0.0,-0.7232,0.7485,0.0253,0.0,NORMAL,3,1,2
2025-07-04,-465.72,-1.7485,3,1,2,33.3,3,3,3,-1.7485,0.0,-1.7485,0.0,0.0,-1.7485,0.0,-1.7485,0.0,LOW,3,2,1
2025-07-07,1342.32,3.2595,5,4,1,80.0,5,5,4,3.6251,-0.3656,1.6912,1.9338,-0.3656,3.2595,0.0,1.3256,1.9338,NORMAL,5,1,4
2025-07-08,234.07,0.9336,4,3,1,75.0,5,5,4,0.9336,0.0,0.9336,0.0,0.0,0.5896,0.344,0.9336,0.0,NORMAL,4,1,3
2025-07-09,298.89,1.1583,2,2,0,100.0,3,3,2,1.1583,0.0,1.1583,0.0,0.0,0.5872,0.5712,1.1583,0.0,NORMAL,2,0,2
2025-07-10,-139.36,-0.5839,2,1,1,50.0,3,3,2,-0.5839,0.0,-0.5839,0.0,0.0,-0.5839,0.0,-0.5839,0.0,LOW,2,1,1
2025-07-11,655.83,2.1458,4,4,0,100.0,4,4,4,2.1458,0.0,1.7586,0.3872,0.0,1.6138,0.532,1.7586,0.3872,NORMAL,4,0,4
2025-07-14,580.39,2.2256,5,4,1,80.0,5,5,4,2.6808,-0.4552,2.6808,0.0,-0.4552,2.2256,0.0,2.2256,0.0,NORMAL,5,1,4
2025-07-16,153.12,0.6184,4,3,1,75.0,4,4,4,0.6184,0.0,0.6184,0.0,0.0,0.4083,0.2101,0.6184,0.0,LOW,4,1,3
2025-07-17,-694.06,-2.6954,4,1,3,25.0,4,4,4,-2.6954,0.0,-2.6954,0.0,0.0,0.0,-2.6954,-2.6954,0.0,NORMAL,4,3,1
2025-07-18,-405.7,-1.5729,4,2,2,50.0,4,4,4,-1.5729,0.0,-1.6229,0.05,0.0,0.05,-1.6229,-1.6229,0.05,LOW,4,2,2
2025-07-21,38.05,0.1758,5,2,3,40.0,5,5,4,-0.6139,0.7897,-0.6139,0.0,0.7897,0.1758,0.0,0.1758,0.0,HIGH,5,3,2
2025-07-23,309.08,1.1841,2,2,0,100.0,4,4,2,1.1841,0.0,1.1841,0.0,0.0,0.6029,0.5812,1.1841,0.0,HIGH,2,0,2
2025-07-24,-285.42,-1.1022,1,0,1,0.0,3,3,1,-1.1022,0.0,-1.1022,0.0,0.0,-1.1022,0.0,-1.1022,0.0,NORMAL,1,1,0
2025-07-25,-236.88,0.1487,3,2,1,66.7,5,5,3,0.1487,0.0,1.199,-1.0504,0.0,0.6121,-0.4635,1.199,-1.0504,NORMAL,3,1,2
2025-07-28,-892.76,-3.4352,5,1,4,20.0,5,5,4,-2.6774,-0.7577,-2.6774,0.0,-0.7577,-0.7577,-2.6774,-3.4352,0.0,LOW,5,4,1
2025-07-29,932.53,1.8083,4,3,1,75.0,4,4,4,1.8083,0.0,0.0257,1.7826,0.0,-0.5252,2.3335,0.0257,1.7826,LOW,4,1,3
2025-07-30,-847.32,-3.2921,3,0,3,0.0,4,4,3,-3.2921,0.0,-3.2921,0.0,0.0,-3.2921,0.0,-3.2921,0.0,LOW,3,3,0
2025-07-31,155.09,0.6022,1,1,0,100.0,1,1,1,0.6022,0.0,0.6022,0.0,0.0,0.0,0.6022,0.6022,0.0,NORMAL,1,0,1
2025-08-01,1058.23,2.3114,2,2,0,100.0,2,2,2,2.3114,0.0,0.5852,1.7262,0.0,0.5852,1.7262,0.5852,1.7262,NORMAL,2,0,2
2025-08-04,-374.06,-1.4567,4,2,2,50.0,4,4,3,-1.5089,0.0522,-1.5089,0.0,0.0522,0.0522,-1.5089,-1.4567,0.0,HIGH,4,2,2
2025-08-05,280.57,1.0973,2,2,0,100.0,2,2,2,1.0973,0.0,1.0973,0.0,0.0,1.0973,0.0,1.0973,0.0,LOW,2,0,2
2025-08-06,-163.62,0.5022,4,3,1,75.0,4,4,4,0.5022,0.0,1.5771,-1.0749,0.0,0.0,0.5022,1.5771,-1.0749,LOW,4,1,3
2025-08-07,-2.55,0.0328,3,2,1,66.7,3,3,3,0.0328,0.0,0.0328,0.0,0.0,0.0,0.0328,0.0328,0.0,NORMAL,3,1,2
2025-08-08,221.12,0.3904,4,3,1,75.0,4,4,4,0.3904,0.0,-0.013,0.4034,0.0,0.4034,-0.013,-0.013,0.4034,NORMAL,4,1,3
2025-08-11,462.97,1.7825,4,3,1,75.0,4,4,3,1.8968,-0.1143,1.8968,0.0,-0.1143,1.7825,0.0,1.7825,0.0,LOW,4,1,3
2025-08-12,-573.39,-2.1901,2,0,2,0.0,2,2,2,-2.1901,0.0,-2.1901,0.0,0.0,0.0,-2.1901,-2.1901,0.0,LOW,2,2,0
2025-08-13,410.26,1.5919,3,3,0,100.0,3,3,3,1.5919,0.0,1.5919,0.0,0.0,0.4967,1.0952,1.5919,0.0,LOW,3,0,3
2025-08-14,-1675.72,-5.3889,5,0,5,0.0,5,5,5,-5.3889,0.0,-4.3597,-1.0292,0.0,-4.3597,-1.0292,-4.3597,-1.0292,LOW,5,5,0
2025-08-15,-1139.0,-4.4031,4,0,4,0.0,4,4,4,-4.4031,0.0,-4.4031,0.0,0.0,-4.4031,0.0,-4.4031,0.0,LOW,4,4,0
2025-08-18,92.75,0.2943,5,3,2,60.0,5,5,4,0.7363,-0.442,0.7363,0.0,-0.442,0.7946,-0.5003,0.2943,0.0,LOW,5,2,3
2025-08-19,477.35,1.8586,3,3,0,100.0,3,3,3,1.8586,0.0,1.8586,0.0,0.0,1.3349,0.5237,1.8586,0.0,LOW,3,0,3
2025-08-20,-147.46,-0.5483,2,1,1,50.0,2,2,2,-0.5483,0.0,-0.5483,0.0,0.0,-1.0802,0.532,-0.5483,0.0,LOW,2,1,1
2025-08-21,136.27,0.5281,1,1,0,100.0,1,1,1,0.5281,0.0,0.5281,0.0,0.0,0.5281,0.0,0.5281,0.0,LOW,1,0,1
2025-08-22,-82.23,0.7719,4,3,1,75.0,4,4,4,0.7719,0.0,1.8265,-1.0546,0.0,0.7719,0.0,1.8265,-1.0546,LOW,4,1,3
2025-08-25,-749.59,-2.9335,5,1,4,20.0,5,5,4,-2.5624,-0.371,-2.5624,0.0,-0.371,-0.371,-2.5624,-2.9335,0.0,NORMAL,5,4,1
2025-08-26,666.25,2.5768,4,4,0,100.0,4,4,4,2.5768,0.0,2.5768,0.0,0.0,2.5768,0.0,2.5768,0.0,NORMAL,4,0,4
2025-08-27,236.26,0.7295,2,2,0,100.0,2,2,2,0.7295,0.0,0.5472,0.1824,0.0,0.1824,0.5472,0.5472,0.1824,LOW,2,0,2
2025-08-28,624.71,2.4057,4,4,0,100.0,5,5,4,2.4057,0.0,2.4057,0.0,0.0,2.4057,0.0,2.4057,0.0,LOW,4,0,4
2025-08-29,304.37,1.1644,2,2,0,100.0,3,3,2,1.1644,0.0,1.1644,0.0,0.0,1.1644,0.0,1.1644,0.0,LOW,2,0,2
2025-09-01,-20.5,-0.0797,3,2,1,66.7,3,3,2,-0.5146,0.4349,-0.5146,0.0,0.4349,0.9823,-1.0621,-0.0797,0.0,LOW,3,1,2
2025-09-02,-350.68,-0.3625,5,3,2,60.0,5,5,5,-0.3625,0.0,0.6717,-1.0342,0.0,0.7521,-1.1145,0.6717,-1.0342,LOW,5,2,3
2025-09-03,-421.96,-1.6852,3,1,2,33.3,4,4,3,-1.6852,0.0,-1.6852,0.0,0.0,0.5588,-2.2439,-1.6852,0.0,LOW,3,2,1
2025-09-04,145.22,0.5477,1,1,0,100.0,2,2,1,0.5477,0.0,0.5477,0.0,0.0,0.5477,0.0,0.5477,0.0,LOW,1,0,1
2025-09-05,571.58,2.2079,4,4,0,100.0,5,5,4,2.2079,0.0,2.2079,0.0,0.0,2.2079,0.0,2.2079,0.0,LOW,4,0,4
2025-09-08,323.95,1.2831,5,4,1,80.0,5,5,4,1.0419,0.2411,1.0419,0.0,0.2411,0.2411,1.0419,1.2831,0.0,HIGH,5,1,4
2025-09-09,849.13,1.6319,1,1,0,100.0,5,5,1,1.6319,0.0,0.0,1.6319,0.0,0.0,1.6319,0.0,1.6319,LOW,1,0,1
2025-09-10,-241.3,0.1433,3,2,1,66.7,4,4,3,0.1433,0.0,1.2106,-1.0673,0.0,0.1433,0.0,1.2106,-1.0673,LOW,3,1,2
2025-09-11,191.25,0.7143,1,1,0,100.0,2,2,1,0.7143,0.0,0.7143,0.0,0.0,0.7143,0.0,0.7143,0.0,LOW,1,0,1
2025-09-12,-379.52,-1.6052,4,2,2,50.0,4,4,4,-1.6052,0.0,-1.7849,0.1797,0.0,0.1797,-1.7849,-1.7849,0.1797,LOW,4,2,2
2025-09-15,318.92,1.2547,5,4,1,80.0,5,5,4,0.7354,0.5193,0.7354,0.0,0.5193,1.2547,0.0,1.2547,0.0,LOW,5,1,4
2025-09-16,964.26,2.1153,2,2,0,100.0,2,2,2,2.1153,0.0,0.5322,1.5831,0.0,0.0,2.1153,0.5322,1.5831,LOW,2,0,2
2025-09-17,470.41,1.8055,3,3,0,100.0,4,4,3,1.8055,0.0,1.8055,0.0,0.0,1.8055,0.0,1.8055,0.0,NORMAL,3,0,3
2025-09-18,529.8,0.4366,2,1,1,50.0,2,2,2,0.4366,0.0,-1.1278,1.5644,0.0,1.5644,-1.1278,-1.1278,1.5644,LOW,2,1,1
2025-09-19,589.1,2.2619,4,4,0,100.0,4,4,4,2.2619,0.0,2.2619,0.0,0.0,1.2293,1.0326,2.2619,0.0,LOW,4,0,4
2025-09-22,759.76,2.9152,5,5,0,100.0,5,5,4,2.4437,0.4714,2.4437,0.0,0.4714,2.3299,0.5853,2.9152,0.0,NORMAL,5,0,5
2025-09-23,475.01,1.7906,3,3,0,100.0,3,3,3,1.7906,0.0,1.7906,0.0,0.0,1.2416,0.5491,1.7906,0.0,LOW,3,0,3
2025-09-24,788.16,1.1311,3,2,1,66.7,3,3,3,1.1311,0.0,-0.6496,1.7807,0.0,2.3167,-1.1856,-0.6496,1.7807,LOW,3,1,2
2025-09-25,250.13,0.9787,2,2,0,100.0,3,3,2,0.9787,0.0,0.9787,0.0,0.0,0.9787,0.0,0.9787,0.0,LOW,2,0,2
2025-09-26,457.49,1.7259,3,3,0,100.0,3,3,3,1.7259,0.0,1.7259,0.0,0.0,1.2171,0.5088,1.7259,0.0,NORMAL,3,0,3
2025-09-29,287.47,-0.4393,4,2,2,50.0,4,4,3,-0.6571,0.2178,-2.164,1.5068,0.2178,-1.9462,1.5068,-1.9462,1.5068,LOW,4,2,2
2025-09-30,4.39,0.0562,3,2,1,66.7,4,4,3,0.0562,0.0,0.0562,0.0,0.0,0.0,0.0562,0.0562,0.0,LOW,3,1,2
2025-10-01,1609.66,4.1987,5,5,0,100.0,5,5,5,4.1987,0.0,2.3589,1.8398,0.0,1.8424,2.3564,2.3589,1.8398,LOW,5,0,5
2025-10-02,625.39,2.3823,4,4,0,100.0,4,4,4,2.3823,0.0,2.3823,0.0,0.0,1.8244,0.5579,2.3823,0.0,LOW,4,0,4
2025-10-03,-347.5,-1.1575,5,2,3,40.0,5,5,5,-1.1575,0.0,-1.0058,-0.1516,0.0,1.0319,-2.1893,-1.0058,-0.1516,LOW,5,3,2
2025-10-06,-23.22,-1.9353,6,2,4,33.3,6,6,5,-2.3212,0.3858,-4.0423,1.7211,0.3858,2.1069,-4.0423,-3.6565,1.7211,HIGH,6,4,2
2025-10-07,156.12,0.5934,1,1,0,100.0,6,6,1,0.5934,0.0,0.5934,0.0,0.0,0.0,0.5934,0.5934,0.0,LOW,1,0,1
2025-10-08,-385.26,-1.5444,3,1,2,33.3,5,5,3,-1.5444,0.0,-1.5444,0.0,0.0,0.0,-1.5444,-1.5444,0.0,NORMAL,3,2,1
2025-10-09,471.87,1.8002,3,3,0,100.0,4,4,3,1.8002,0.0,1.8002,0.0,0.0,0.5286,1.2716,1.8002,0.0,NORMAL,3,0,3
2025-10-10,630.59,2.4061,4,4,0,100.0,4,4,4,2.4061,0.0,2.4061,0.0,0.0,0.0,2.4061,2.4061,0.0,NORMAL,4,0,4
2025-10-13,156.61,0.5998,2,1,1,50.0,2,2,1,0.6033,-0.0035,0.6033,0.0,-0.0035,-0.0035,0.6033,0.5998,0.0,HIGH,2,1,1
2025-10-14,1414.57,3.8164,5,5,0,100.0,5,5,5,3.8164,0.0,2.3754,1.441,0.0,1.6474,2.169,2.3754,1.441,LOW,5,0,5
2025-10-15,-559.65,-2.1874,2,0,2,0.0,3,3,2,-2.1874,0.0,-2.1874,0.0,0.0,-2.1874,0.0,-2.1874,0.0,NORMAL,2,2,0
2025-10-16,-347.42,-0.1584,5,3,2,60.0,6,6,5,-0.1584,0.0,0.8883,-1.0466,0.0,-0.1584,0.0,0.8883,-1.0466,NORMAL,5,2,3
2025-10-17,-154.69,0.5858,4,3,1,75.0,4,4,4,0.5858,0.0,1.6379,-1.0521,0.0,1.6379,-1.0521,1.6379,-1.0521,NORMAL,4,1,3
2025-10-20,-279.47,-1.0737,5,2,3,40.0,5,5,4,-0.8841,-0.1897,-0.8841,0.0,-0.1897,0.4002,-1.474,-1.0737,0.0,HIGH,5,3,2
2025-10-21,1119.45,2.9161,4,4,0,100.0,4,4,4,2.9161,0.0,1.647,1.2691,0.0,2.3836,0.5325,1.647,1.2691,LOW,4,0,4
2025-10-22,1017.29,2.2179,5,4,1,80.0,5,5,5,2.2179,0.0,0.7079,1.51,0.0,2.2179,0.0,0.7079,1.51,LOW,5,1,4
2025-10-23,-856.53,-3.3058,3,0,3,0.0,4,4,3,-3.3058,0.0,-3.3058,0.0,0.0,0.0,-3.3058,-3.3058,0.0,NORMAL,3,3,0
2025-10-24,-1.81,0.0096,3,2,1,66.7,3,3,3,0.0096,0.0,0.0096,0.0,0.0,1.1517,-1.1421,0.0096,0.0,LOW,3,1,2
2025-10-27,136.73,1.7049,6,5,1,83.3,6,6,5,1.5598,0.1451,2.6243,-1.0645,0.1451,-0.9195,2.6243,2.7694,-1.0645,LOW,6,1,5
2025-10-28,-1136.47,-3.2553,3,0,3,0.0,6,6,3,-3.2553,0.0,-2.2253,-1.03,0.0,-2.2253,-1.03,-2.2253,-1.03,LOW,3,3,0
2025-10-29,1440.98,3.9642,5,5,0,100.0,5,5,5,3.9642,0.0,2.567,1.3972,0.0,3.9642,0.0,2.567,1.3972,NORMAL,5,0,5
2025-10-30,228.41,1.0345,3,2,1,66.7,4,4,3,1.0345,0.0,1.1843,-0.1498,0.0,0.4461,0.5884,1.1843,-0.1498,HIGH,3,1,2
2025-10-31,624.95,2.3648,4,4,0,100.0,5,5,4,2.3648,0.0,2.3648,0.0,0.0,2.3648,0.0,2.3648,0.0,NORMAL,4,0,4
2025-11-03,414.55,1.5962,4,3,1,75.0,4,4,3,1.621,-0.0249,1.621,0.0,-0.0249,1.0062,0.59,1.5962,0.0,NORMAL,4,1,3
2025-11-04,1439.67,3.7548,5,5,0,100.0,5,5,5,3.7548,0.0,2.1976,1.5573,0.0,1.1435,2.6113,2.1976,1.5573,LOW,5,0,5
2025-11-05,-275.14,-1.0509,4,2,2,50.0,5,5,4,-1.0509,0.0,-1.0509,0.0,0.0,-2.113,1.0621,-1.0509,0.0,NORMAL,4,2,2
2025-11-06,407.44,1.5633,3,3,0,100.0,3,3,3,1.5633,0.0,1.5633,0.0,0.0,1.0812,0.4822,1.5633,0.0,LOW,3,0,3
2025-11-07,1452.71,3.5396,4,4,0,100.0,4,4,4,3.5396,0.0,1.7446,1.7951,0.0,2.3783,1.1613,1.7446,1.7951,NORMAL,4,0,4
2025-11-10,555.33,1.2522,5,4,1,80.0,5,5,4,0.9884,0.2638,0.1851,0.8033,0.2638,1.0672,0.1851,0.4489,0.8033,HIGH,5,1,4
2025-11-11,-447.95,-1.7622,3,1,2,33.3,4,4,3,-1.7622,0.0,-1.7622,0.0,0.0,0.0,-1.7622,-1.7622,0.0,LOW,3,2,1
2025-11-12,-30.02,-0.103,3,2,1,66.7,4,4,3,-0.103,0.0,-0.103,0.0,0.0,1.0822,-1.1852,-0.103,0.0,LOW,3,1,2
2025-11-13,412.0,1.585,3,3,0,100.0,4,4,3,1.585,0.0,1.585,0.0,0.0,1.0401,0.5448,1.585,0.0,LOW,3,0,3
2025-11-14,-449.47,-1.6792,3,1,2,33.3,4,4,3,-1.6792,0.0,-1.6792,0.0,0.0,-1.0411,-0.6381,-1.6792,0.0,HIGH,3,2,1
2025-11-17,586.64,2.2106,5,4,1,80.0,5,5,4,2.2794,-0.0688,2.2794,0.0,-0.0688,1.2216,0.9889,2.2106,0.0,HIGH,5,1,4
2025-11-19,149.43,0.5691,1,1,0,100.0,1,1,1,0.5691,0.0,0.5691,0.0,0.0,0.5691,0.0,0.5691,0.0,LOW,1,0,1
2025-11-20,-729.44,-1.5042,3,1,2,33.3,3,3,3,-1.5042,0.0,-0.4524,-1.0518,0.0,-1.0518,-0.4524,-0.4524,-1.0518,HIGH,3,2,1
2025-11-21,161.59,0.616,1,1,0,100.0,1,1,1,0.616,0.0,0.616,0.0,0.0,0.616,0.0,0.616,0.0,HIGH,1,0,1
2025-11-24,68.68,0.2719,4,3,1,75.0,4,4,3,0.1089,0.163,0.1089,0.0,0.163,0.163,0.1089,0.2719,0.0,HIGH,4,1,3
2025-11-25,-123.0,0.6999,4,3,1,75.0,5,5,4,0.6999,0.0,1.7668,-1.0669,0.0,0.7254,-0.0255,1.7668,-1.0669,LOW,4,1,3
2025-11-26,452.08,1.7317,3,3,0,100.0,4,4,3,1.7317,0.0,1.7317,0.0,0.0,1.1296,0.6021,1.7317,0.0,NORMAL,3,0,3
2025-11-27,-748.31,-2.8072,4,1,3,25.0,4,4,4,-2.8072,0.0,-2.8072,0.0,0.0,-2.8072,0.0,-2.8072,0.0,LOW,4,3,1
2025-11-28,368.48,1.4089,3,3,0,100.0,3,3,3,1.4089,0.0,1.4089,0.0,0.0,1.4089,0.0,1.4089,0.0,LOW,3,0,3
2025-12-01,605.34,2.2724,5,4,1,80.0,5,5,4,2.4423,-0.17,2.4423,0.0,-0.17,2.2724,0.0,2.2724,0.0,NORMAL,5,1,4
2025-12-02,-907.6,-2.1692,5,2,3,40.0,5,5,5,-2.1692,0.0,-1.1025,-1.0667,0.0,-0.0185,-2.1506,-1.1025,-1.0667,LOW,5,3,2
2025-12-03,283.46,1.0663,2,2,0,100.0,3,3,2,1.0663,0.0,1.0663,0.0,0.0,0.5065,0.5597,1.0663,0.0,LOW,2,0,2
2025-12-04,-612.48,-2.2954,2,0,2,0.0,3,3,2,-2.2954,0.0,-2.2954,0.0,0.0,-1.1896,-1.1058,-2.2954,0.0,LOW,2,2,0
2025-12-05,6.53,1.1751,5,4,1,80.0,5,5,5,1.1751,0.0,2.2284,-1.0533,0.0,2.2284,-1.0533,2.2284,-1.0533,LOW,5,1,4
2025-12-08,644.12,2.4243,5,4,1,80.0,5,5,4,2.4812,-0.0569,2.4812,0.0,-0.0569,2.4243,0.0,2.4243,0.0,LOW,5,1,4
2025-12-09,283.7,1.0991,2,2,0,100.0,2,2,2,1.0991,0.0,1.0991,0.0,0.0,0.0,1.0991,1.0991,0.0,LOW,2,0,2
2025-12-10,156.89,0.6152,4,3,1,75.0,4,4,4,0.6152,0.0,0.6152,0.0,0.0,0.6152,0.0,0.6152,0.0,LOW,4,1,3
2025-12-11,-684.7,-2.5697,4,1,3,25.0,4,4,4,-2.5697,0.0,-2.5697,0.0,0.0,-2.5697,0.0,-2.5697,0.0,HIGH,4,3,1
2025-12-12,-143.02,-0.5286,2,1,1,50.0,2,2,2,-0.5286,0.0,-0.5286,0.0,0.0,0.0,-0.5286,-0.5286,0.0,NORMAL,2,1,1
2025-12-15,-139.62,0.5997,5,3,2,60.0,5,5,4,0.6169,-0.0172,1.6465,-1.0297,-0.0172,1.6294,-1.0297,1.6294,-1.0297,NORMAL,5,2,3
2025-12-16,610.19,2.29,4,4,0,100.0,5,5,4,2.29,0.0,2.29,0.0,0.0,2.29,0.0,2.29,0.0,LOW,4,0,4
2025-12-17,441.48,1.6752,3,3,0,100.0,4,4,3,1.6752,0.0,1.6752,0.0,0.0,1.6752,0.0,1.6752,0.0,NORMAL,3,0,3
2025-12-18,-244.84,-0.9854,4,2,2,50.0,5,5,4,-0.9854,0.0,-0.9854,0.0,0.0,0.1153,-1.1007,-0.9854,0.0,LOW,4,2,2
2025-12-19,233.0,0.7978,4,3,1,75.0,5,5,4,0.7978,0.0,0.7978,0.0,0.0,1.3222,-0.5244,0.7978,0.0,NORMAL,4,1,3
2025-12-22,651.37,2.4916,4,4,0,100.0,4,4,3,1.7038,0.7878,1.7038,0.0,0.7878,2.4916,0.0,2.4916,0.0,NORMAL,4,0,4
2025-12-23,-1148.11,-4.3099,4,0,4,0.0,4,4,4,-4.3099,0.0,-4.3099,0.0,0.0,-4.3099,0.0,-4.3099,0.0,NORMAL,4,4,0
2025-12-24,-707.17,-2.6863,4,1,3,25.0,4,4,4,-2.6863,0.0,-2.6863,0.0,0.0,-2.6863,0.0,-2.6863,0.0,NORMAL,4,3,1
2025-12-26,-103.91,-0.4743,4,2,2,50.0,4,4,4,-0.4743,0.0,-0.4743,0.0,0.0,0.544,-1.0183,-0.4743,0.0,NORMAL,4,2,2
2025-12-29,606.8,2.283,5,4,1,80.0,5,5,4,2.3628,-0.0798,2.3628,0.0,-0.0798,2.283,0.0,2.283,0.0,LOW,5,1,4
2025-12-30,632.48,2.3798,4,4,0,100.0,4,4,4,2.3798,0.0,2.3798,0.0,0.0,0.5712,1.8086,2.3798,0.0,LOW,4,0,4
2025-12-31,648.48,2.4295,4,4,0,100.0,4,4,4,2.4295,0.0,2.4295,0.0,0.0,2.4295,0.0,2.4295,0.0,LOW,4,0,4
2026-01-02,-716.89,-1.5442,3,1,2,33.3,3,3,3,-1.5442,0.0,-0.4803,-1.0639,0.0,-1.0639,-0.4803,-0.4803,-1.0639,LOW,3,2,1
2026-01-05,865.63,3.2696,5,5,0,100.0,5,5,4,2.4829,0.7867,2.4829,0.0,0.7867,3.2696,0.0,3.2696,0.0,LOW,5,0,5
2026-01-06,4.04,0.0554,3,2,1,66.7,3,3,3,0.0554,0.0,0.0554,0.0,0.0,0.0,0.0554,0.0554,0.0,NORMAL,3,1,2
2026-01-07,1488.88,3.9029,5,5,0,100.0,5,5,5,3.9029,0.0,2.3029,1.6,0.0,1.047,2.8559,2.3029,1.6,LOW,5,0,5
2026-01-08,29.16,1.2351,5,4,1,80.0,6,6,5,1.2351,0.0,2.3041,-1.069,0.0,1.2087,0.0264,2.3041,-1.069,LOW,5,1,4
2026-01-09,-59.43,-0.6695,2,1,1,50.0,2,2,2,-0.6695,0.0,-1.0978,0.4283,0.0,0.4283,-1.0978,-1.0978,0.4283,LOW,2,1,1
2026-01-12,186.7,0.7444,4,3,1,75.0,4,4,3,-0.0425,0.7869,-0.0425,0.0,0.7869,1.3218,-0.5774,0.7444,0.0,LOW,4,1,3
2026-01-13,137.24,0.5653,4,3,1,75.0,4,4,4,0.5653,0.0,0.5653,0.0,0.0,1.602,-1.0366,0.5653,0.0,LOW,4,1,3
2026-01-14,185.73,0.717,4,3,1,75.0,4,4,4,0.717,0.0,0.717,0.0,0.0,0.0,0.717,0.717,0.0,LOW,4,1,3
2026-01-15,148.6,0.5795,1,1,0,100.0,1,1,1,0.5795,0.0,0.5795,0.0,0.0,0.5795,0.0,0.5795,0.0,NORMAL,1,0,1
2026-01-16,397.56,1.5092,3,3,0,100.0,3,3,3,1.5092,0.0,1.5092,0.0,0.0,0.5128,0.9964,1.5092,0.0,LOW,3,0,3
2026-01-19,1925.61,5.2671,6,6,0,100.0,6,6,5,4.4803,0.7868,2.6283,1.8521,0.7868,5.2671,0.0,3.415,1.8521,NORMAL,6,0,6
2026-01-20,1282.69,3.4309,5,5,0,100.0,6,6,5,3.4309,0.0,2.1647,1.2662,0.0,2.9718,0.4591,2.1647,1.2662,LOW,5,0,5
2026-01-21,289.97,1.0795,2,2,0,100.0,3,3,2,1.0795,0.0,1.0795,0.0,0.0,0.5373,0.5423,1.0795,0.0,NORMAL,2,0,2
2026-01-22,-417.77,-1.5958,3,1,2,33.3,4,4,3,-1.5958,0.0,-1.5958,0.0,0.0,0.5766,-2.1725,-1.5958,0.0,NORMAL,3,2,1
2026-01-23,-1026.15,-2.7354,4,1,3,25.0,5,5,4,-2.7354,0.0,-1.6873,-1.0481,0.0,-1.0481,-1.6873,-1.6873,-1.0481,NORMAL,4,3,1
2026-01-26,334.88,1.1682,5,4,1,80.0,5,5,4,1.0579,0.1104,1.0579,0.0,0.1104,1.1682,0.0,1.1682,0.0,HIGH,5,1,4
2026-01-27,311.12,1.1885,2,2,0,100.0,4,4,2,1.1885,0.0,1.1885,0.0,0.0,0.0,1.1885,1.1885,0.0,HIGH,2,0,2
2026-01-28,-566.68,-2.1579,2,0,2,0.0,4,4,2,-2.1579,0.0,-2.1579,0.0,0.0,-1.0938,-1.0641,-2.1579,0.0,HIGH,2,2,0
2026-01-29,307.42,1.169,2,2,0,100.0,3,3,2,1.169,0.0,1.169,0.0,0.0,1.169,0.0,1.169,0.0,HIGH,2,0,2
2026-01-30,-862.91,-3.2573,3,0,3,0.0,4,4,3,-3.2573,0.0,-3.2573,0.0,0.0,-1.089,-2.1684,-3.2573,0.0,HIGH,3,3,0
2026-02-02,-393.61,-0.37,6,3,3,50.0,6,6,5,-0.0669,-0.3031,0.9603,-1.0272,-0.3031,-0.3031,-0.0669,0.6572,-1.0272,HIGH,6,3,3
2026-02-03,-790.91,-2.8768,4,1,3,25.0,5,5,4,-2.8768,0.0,-2.8768,0.0,0.0,0.0,-2.8768,-2.8768,0.0,NORMAL,4,3,1
2026-02-04,-705.13,-3.5125,5,1,4,20.0,5,5,5,-3.5125,0.0,-4.3379,0.8254,0.0,0.8254,-4.3379,-4.3379,0.8254,NORMAL,5,4,1
2026-02-05,423.89,1.6085,3,3,0,100.0,4,4,3,1.6085,0.0,1.6085,0.0,0.0,0.5285,1.08,1.6085,0.0,NORMAL,3,0,3
2026-02-06,-681.04,-2.5587,4,1,3,25.0,5,5,4,-2.5587,0.0,-2.5587,0.0,0.0,-2.5587,0.0,-2.5587,0.0,HIGH,4,3,1
2026-02-09,853.31,3.2142,5,5,0,100.0,5,5,4,2.5019,0.7123,2.5019,0.0,0.7123,3.2142,0.0,3.2142,0.0,HIGH,5,0,5
2026-02-10,464.72,1.7584,3,3,0,100.0,3,3,3,1.7584,0.0,1.7584,0.0,0.0,1.1478,0.6107,1.7584,0.0,HIGH,3,0,3
2026-02-11,-309.21,-2.2368,4,1,3,25.0,4,4,4,-2.2368,0.0,-3.2321,0.9953,0.0,-3.2321,0.9953,-3.2321,0.9953,HIGH,4,3,1
2026-02-12,467.9,1.7732,3,3,0,100.0,4,4,3,1.7732,0.0,1.7732,0.0,0.0,0.6061,1.1672,1.7732,0.0,HIGH,3,0,3
2026-02-13,210.7,0.845,4,3,1,75.0,5,5,4,0.845,0.0,0.845,0.0,0.0,0.0,0.845,0.845,0.0,HIGH,4,1,3
2026-02-16,-207.08,-0.8558,5,2,3,40.0,5,5,4,-0.7173,-0.1384,-0.7173,0.0,-0.1384,1.2408,-2.0966,-0.8558,0.0,HIGH,5,3,2
2026-02-17,49.68,1.3009,5,4,1,80.0,5,5,5,1.3009,0.0,2.3327,-1.0317,0.0,1.2153,0.0856,2.3327,-1.0317,LOW,5,1,4
2026-02-18,439.16,1.6621,3,3,0,100.0,4,4,3,1.6621,0.0,1.6621,0.0,0.0,1.6621,0.0,1.6621,0.0,NORMAL,3,0,3
2026-02-19,-224.57,-0.8946,4,2,2,50.0,4,4,4,-0.8946,0.0,-0.8946,0.0,0.0,0.5175,-1.4121,-0.8946,0.0,NORMAL,4,2,2
2026-02-20,95.99,1.4792,5,4,1,80.0,5,5,5,1.4792,0.0,2.5387,-1.0595,0.0,-1.0595,2.5387,2.5387,-1.0595,NORMAL,5,1,4
2026-02-23,-654.29,-2.5067,5,2,3,40.0,5,5,4,-2.5295,0.0228,-2.5295,0.0,0.0228,-2.5067,0.0,-2.5067,0.0,HIGH,5,3,2
2026-02-24,-852.26,-3.2254,3,0,3,0.0,3,3,3,-3.2254,0.0,-3.2254,0.0,0.0,0.0,-3.2254,-3.2254,0.0,NORMAL,3,3,0
2026-02-25,424.03,1.6131,3,3,0,100.0,3,3,3,1.6131,0.0,1.6131,0.0,0.0,1.0873,0.5258,1.6131,0.0,NORMAL,3,0,3
2026-02-26,204.28,0.7791,4,3,1,75.0,4,4,4,0.7791,0.0,0.7791,0.0,0.0,0.7791,0.0,0.7791,0.0,NORMAL,4,1,3
2026-02-27,165.34,0.6155,1,1,0,100.0,1,1,1,0.6155,0.0,0.6155,0.0,0.0,0.6155,0.0,0.6155,0.0,HIGH,1,0,1
2026-03-02,1197.99,2.5847,6,4,2,66.7,6,6,5,2.676,-0.0913,0.9801,1.6959,-0.0913,3.6788,-1.0941,0.8888,1.6959,HIGH,6,2,4
2026-03-03,215.03,0.7996,4,3,1,75.0,5,5,4,0.7996,0.0,0.7996,0.0,0.0,0.0,0.7996,0.7996,0.0,NORMAL,4,1,3
2026-03-04,-263.42,-0.9097,4,2,2,50.0,5,5,4,-0.9097,0.0,-0.9097,0.0,0.0,-0.9097,0.0,-0.9097,0.0,HIGH,4,2,2
2026-03-05,-716.91,-2.5876,4,1,3,25.0,5,5,4,-2.5876,0.0,-2.5876,0.0,0.0,-2.5876,0.0,-2.5876,0.0,HIGH,4,3,1
2026-03-06,-132.27,-0.4814,2,1,1,50.0,3,3,2,-0.4814,0.0,-0.4814,0.0,0.0,0.0,-0.4814,-0.4814,0.0,HIGH,2,1,1
2026-03-09,-234.39,-0.9042,4,2,2,50.0,4,4,3,-1.462,0.5577,-1.462,0.0,0.5577,0.1358,-1.04,-0.9042,0.0,HIGH,4,2,2
2026-03-10,469.63,1.7796,3,3,0,100.0,3,3,3,1.7796,0.0,1.7796,0.0,0.0,1.1708,0.6088,1.7796,0.0,HIGH,3,0,3
2026-03-11,-1187.48,-4.4415,4,0,4,0.0,4,4,4,-4.4415,0.0,-4.4415,0.0,0.0,0.0,-4.4415,-4.4415,0.0,LOW,4,4,0
2026-03-12,-4.98,0.0099,3,2,1,66.7,3,3,3,0.0099,0.0,0.0099,0.0,0.0,-0.5405,0.5504,0.0099,0.0,HIGH,3,1,2
2026-03-13,296.59,1.1056,2,2,0,100.0,2,2,2,1.1056,0.0,1.1056,0.0,0.0,0.5595,0.5461,1.1056,0.0,HIGH,2,0,2
2026-03-16,-99.16,0.8289,4,3,1,75.0,4,4,3,0.0946,0.7343,1.1643,-1.0697,0.7343,1.2908,-0.4619,1.8986,-1.0697,NORMAL,4,1,3
2026-03-17,-2.22,0.0254,3,2,1,66.7,3,3,3,0.0254,0.0,0.0254,0.0,0.0,0.0,0.0254,0.0254,0.0,NORMAL,3,1,2
2026-03-18,-167.29,0.5232,4,3,1,75.0,4,4,4,0.5232,0.0,1.5768,-1.0536,0.0,1.0001,-0.4768,1.5768,-1.0536,LOW,4,1,3
2026-03-19,665.98,2.4835,4,4,0,100.0,4,4,4,2.4835,0.0,2.4835,0.0,0.0,0.0,2.4835,2.4835,0.0,NORMAL,4,0,4
2026-03-20,-844.73,-3.199,3,0,3,0.0,3,3,3,-3.199,0.0,-3.199,0.0,0.0,0.0,-3.199,-3.199,0.0,NORMAL,3,3,0
2026-03-23,506.44,1.9411,3,3,0,100.0,3,3,2,1.1494,0.7917,1.1494,0.0,0.7917,1.9411,0.0,1.9411,0.0,NORMAL,3,0,3
2026-03-24,-306.27,-1.0703,4,2,2,50.0,4,4,4,-1.0703,0.0,-1.0703,0.0,0.0,-1.5915,0.5212,-1.0703,0.0,NORMAL,4,2,2
2026-03-25,373.97,1.3663,2,2,0,100.0,2,2,2,1.3663,0.0,1.3663,0.0,0.0,0.0,1.3663,1.3663,0.0,NORMAL,2,0,2
2026-03-26,-466.63,-0.5632,2,1,1,50.0,2,2,2,-0.5632,0.0,0.5611,-1.1242,0.0,0.0,-0.5632,0.5611,-1.1242,LOW,2,1,1
2026-03-27,-135.18,-0.5091,2,1,1,50.0,3,3,2,-0.5091,0.0,-0.5091,0.0,0.0,-0.5091,0.0,-0.5091,0.0,HIGH,2,1,1
2026-03-30,-828.54,-3.1281,5,1,4,20.0,5,5,4,-2.6283,-0.4998,-2.6283,0.0,-0.4998,-3.1281,0.0,-3.1281,0.0,NORMAL,5,4,1
2026-03-31,-293.68,-1.0198,4,2,2,50.0,4,4,4,-1.0198,0.0,-1.0198,0.0,0.0,0.0,-1.0198,-1.0198,0.0,LOW,4,2,2
2026-04-01,221.47,0.743,4,3,1,75.0,4,4,4,0.743,0.0,0.743,0.0,0.0,0.5756,0.1673,0.743,0.0,NORMAL,4,1,3
2026-04-02,158.23,0.5863,1,1,0,100.0,1,1,1,0.5863,0.0,0.5863,0.0,0.0,0.0,0.5863,0.5863,0.0,HIGH,1,0,1
2026-04-03,597.13,2.223,4,4,0,100.0,4,4,4,2.223,0.0,2.223,0.0,0.0,1.0244,1.1987,2.223,0.0,LOW,4,0,4
2026-04-06,699.63,2.6147,5,5,0,100.0,5,5,4,2.3738,0.2409,2.3738,0.0,0.2409,2.0291,0.5856,2.6147,0.0,LOW,5,0,5
2026-04-07,580.96,2.1602,4,4,0,100.0,4,4,4,2.1602,0.0,2.1602,0.0,0.0,1.6495,0.5107,2.1602,0.0,LOW,4,0,4
2026-04-08,-1156.65,-4.3172,4,0,4,0.0,4,4,4,-4.3172,0.0,-4.3172,0.0,0.0,-1.1041,-3.2131,-4.3172,0.0,NORMAL,4,4,0
2026-04-09,84.04,0.2211,3,2,1,66.7,3,3,3,0.2211,0.0,0.2211,0.0,0.0,1.3126,-1.0915,0.2211,0.0,LOW,3,1,2
2026-04-13,850.32,3.1807,5,5,0,100.0,5,5,4,2.6051,0.5756,2.6051,0.0,0.5756,3.1807,0.0,3.1807,0.0,HIGH,5,0,5
2026-04-14,-720.33,-1.5669,3,1,2,33.3,3,3,3,-1.5669,0.0,-0.4791,-1.0877,0.0,-0.4791,-1.0877,-0.4791,-1.0877,LOW,3,2,1
2026-04-15,156.28,0.5865,1,1,0,100.0,1,1,1,0.5865,0.0,0.5865,0.0,0.0,0.5865,0.0,0.5865,0.0,LOW,1,0,1
2026-04-16,675.9,0.6859,2,1,1,50.0,2,2,2,0.6859,0.0,-1.1164,1.8023,0.0,0.6859,0.0,-1.1164,1.8023,LOW,2,1,1
2026-04-17,-385.74,-0.3426,5,3,2,60.0,6,6,5,-0.3426,0.0,0.6965,-1.0391,0.0,0.7447,-1.0874,0.6965,-1.0391,LOW,5,2,3
2026-04-20,436.58,1.6337,3,3,0,100.0,3,3,2,1.2314,0.4024,1.2314,0.0,0.4024,1.6337,0.0,1.6337,0.0,HIGH,3,0,3
2026-04-23,639.97,2.3808,4,4,0,100.0,4,4,4,2.3808,0.0,2.3808,0.0,0.0,2.3808,0.0,2.3808,0.0,LOW,4,0,4
2026-04-24,319.75,1.1847,2,2,0,100.0,2,2,2,1.1847,0.0,1.1847,0.0,0.0,1.1847,0.0,1.1847,0.0,LOW,2,0,2
2026-04-27,373.28,1.388,3,3,0,100.0,3,3,2,1.1208,0.2672,1.1208,0.0,0.2672,1.388,0.0,1.388,0.0,NORMAL,3,0,3
2026-04-28,-182.88,-0.6678,2,1,1,50.0,2,2,2,-0.6678,0.0,-0.6678,0.0,0.0,-0.6678,0.0,-0.6678,0.0,LOW,2,1,1
2026-04-29,394.28,1.4907,3,3,0,100.0,3,3,3,1.4907,0.0,1.4907,0.0,0.0,1.4907,0.0,1.4907,0.0,LOW,3,0,3
2026-04-30,-449.74,-0.5763,2,1,1,50.0,2,2,2,-0.5763,0.0,0.4978,-1.0741,0.0,-0.5763,0.0,0.4978,-1.0741,LOW,2,1,1
2026-05-01,250.46,0.9404,4,3,1,75.0,4,4,4,0.9404,0.0,0.9404,0.0,0.0,0.0,0.9404,0.9404,0.0,HIGH,4,1,3
2026-05-04,-163.73,-0.5846,4,2,2,50.0,4,4,3,0.0442,-0.6288,0.0442,0.0,-0.6288,0.5424,-1.127,-0.5846,0.0,HIGH,4,2,2
2026-05-06,542.62,1.8173,4,4,0,100.0,4,4,4,1.8173,0.0,1.6037,0.2136,0.0,1.0339,0.7834,1.6037,0.2136,LOW,4,0,4
2026-05-07,654.43,2.4247,4,4,0,100.0,5,5,4,2.4247,0.0,2.4247,0.0,0.0,2.4247,0.0,2.4247,0.0,NORMAL,4,0,4
2026-05-08,474.24,1.7801,3,3,0,100.0,4,4,3,1.7801,0.0,1.7801,0.0,0.0,1.7801,0.0,1.7801,0.0,HIGH,3,0,3
2026-05-11,921.46,3.4276,5,5,0,100.0,5,5,4,2.6392,0.7884,2.6392,0.0,0.7884,3.4276,0.0,3.4276,0.0,HIGH,5,0,5
2026-05-12,399.0,1.4909,3,3,0,100.0,3,3,3,1.4909,0.0,1.4909,0.0,0.0,0.9408,0.5501,1.4909,0.0,LOW,3,0,3
2026-05-13,285.35,1.0774,2,2,0,100.0,2,2,2,1.0774,0.0,1.0774,0.0,0.0,0.5569,0.5204,1.0774,0.0,LOW,2,0,2
2026-05-14,8.38,-0.0368,3,2,1,66.7,3,3,3,-0.0368,0.0,-0.0368,0.0,0.0,-0.0368,0.0,-0.0368,0.0,LOW,3,1,2
2026-05-15,-604.8,-2.2145,2,0,2,0.0,2,2,2,-2.2145,0.0,-2.2145,0.0,0.0,-2.2145,0.0,-2.2145,0.0,LOW,2,2,0
2026-05-18,896.37,3.3333,5,5,0,100.0,5,5,4,2.5445,0.7888,2.5445,0.0,0.7888,3.3333,0.0,3.3333,0.0,NORMAL,5,0,5
2026-05-19,454.53,1.6996,3,3,0,100.0,3,3,3,1.6996,0.0,1.6996,0.0,0.0,1.6996,0.0,1.6996,0.0,LOW,3,0,3
2026-05-20,-308.64,-1.17,4,2,2,50.0,4,4,4,-1.17,0.0,-1.17,0.0,0.0,-1.17,0.0,-1.17,0.0,LOW,4,2,2
2026-05-21,346.03,1.2466,2,2,0,100.0,2,2,2,1.2466,0.0,1.2466,0.0,0.0,1.2466,0.0,1.2466,0.0,LOW,2,0,2
2026-05-22,275.81,1.0388,2,2,0,100.0,2,2,2,1.0388,0.0,1.0388,0.0,0.0,0.5315,0.5073,1.0388,0.0,LOW,2,0,2
2026-05-25,-118.94,-0.3936,5,3,2,60.0,5,5,4,-0.8418,0.4482,-0.8418,0.0,0.4482,1.8151,-2.2087,-0.3936,0.0,LOW,5,2,3
2026-05-26,510.14,1.8437,3,3,0,100.0,4,4,3,1.8437,0.0,1.8437,0.0,0.0,1.8437,0.0,1.8437,0.0,LOW,3,0,3
2026-05-27,147.22,0.5364,1,1,0,100.0,1,1,1,0.5364,0.0,0.5364,0.0,0.0,0.0,0.5364,0.5364,0.0,LOW,1,0,1
2026-05-28,217.04,0.7028,4,3,1,75.0,4,4,4,0.7028,0.0,0.7028,0.0,0.0,0.7028,0.0,0.7028,0.0,LOW,4,1,3
2026-05-29,-21.54,-0.1019,3,2,1,66.7,3,3,3,-0.1019,0.0,-0.1019,0.0,0.0,1.1521,-1.254,-0.1019,0.0,LOW,3,1,2
2026-06-01,335.21,1.2257,3,3,0,100.0,3,3,2,1.1246,0.1011,1.1246,0.0,0.1011,1.2257,0.0,1.2257,0.0,NORMAL,3,0,3
2026-06-02,141.84,0.5558,1,1,0,100.0,1,1,1,0.5558,0.0,0.5558,0.0,0.0,0.5558,0.0,0.5558,0.0,LOW,1,0,1
2026-06-03,485.0,1.782,3,3,0,100.0,3,3,3,1.782,0.0,1.782,0.0,0.0,1.782,0.0,1.782,0.0,LOW,3,0,3
2026-06-04,251.32,0.9194,2,2,0,100.0,2,2,2,0.9194,0.0,0.9194,0.0,0.0,0.9194,0.0,0.9194,0.0,LOW,2,0,2
2026-06-05,134.84,0.5078,4,3,1,75.0,4,4,4,0.5078,0.0,0.5078,0.0,0.0,0.5078,0.0,0.5078,0.0,LOW,4,1,3
2026-06-08,406.78,1.4926,3,3,0,100.0,3,3,2,1.2428,0.2498,1.2428,0.0,0.2498,0.8737,0.6188,1.4926,0.0,NORMAL,3,0,3
2026-06-09,1101.82,2.284,5,4,1,80.0,5,5,5,2.284,0.0,0.5082,1.7758,0.0,2.284,0.0,0.5082,1.7758,LOW,5,1,4
2026-06-10,155.41,0.5659,1,1,0,100.0,2,2,1,0.5659,0.0,0.5659,0.0,0.0,0.5659,0.0,0.5659,0.0,LOW,1,0,1
2026-06-11,302.5,1.1309,2,2,0,100.0,2,2,2,1.1309,0.0,1.1309,0.0,0.0,1.1309,0.0,1.1309,0.0,LOW,2,0,2
2026-06-12,-6.89,0.0097,2,1,1,50.0,2,2,2,0.0097,0.0,0.0097,0.0,0.0,0.0,0.0097,0.0097,0.0,LOW,2,1,1
2026-06-15,232.9,0.857,5,4,1,80.0,5,5,4,0.8407,0.0162,0.8407,0.0,0.0162,1.9216,-1.0646,0.857,0.0,LOW,5,1,4
2026-06-16,-365.03,-1.3564,4,2,2,50.0,4,4,4,-1.3564,0.0,-1.3564,0.0,0.0,-1.3564,0.0,-1.3564,0.0,LOW,4,2,2
2026-06-17,120.88,0.45,4,3,1,75.0,4,4,4,0.45,0.0,0.45,0.0,0.0,0.45,0.0,0.45,0.0,LOW,4,1,3
2026-06-18,-137.52,-0.4986,2,1,1,50.0,2,2,2,-0.4986,0.0,-0.4986,0.0,0.0,0.0,-0.4986,-0.4986,0.0,NORMAL,2,1,1
2026-06-19,-774.87,-2.7419,4,1,3,25.0,4,4,4,-2.7419,0.0,-2.7419,0.0,0.0,-2.7419,0.0,-2.7419,0.0,NORMAL,4,3,1
2026-06-22,179.26,0.651,4,3,1,75.0,4,4,3,0.1859,0.4651,0.1859,0.0,0.4651,0.651,0.0,0.651,0.0,HIGH,4,1,3
2026-06-23,13.66,0.0199,3,2,1,66.7,3,3,3,0.0199,0.0,0.0199,0.0,0.0,0.0199,0.0,0.0199,0.0,LOW,3,1,2
2026-06-24,-90.43,-0.299,3,2,1,66.7,3,3,3,-0.299,0.0,-0.299,0.0,0.0,-0.7287,0.4297,-0.299,0.0,LOW,3,1,2
2026-06-25,422.28,1.5651,3,3,0,100.0,3,3,3,1.5651,0.0,1.5651,0.0,0.0,1.5651,0.0,1.5651,0.0,LOW,3,0,3
2026-06-26,-40.62,-0.1197,3,2,1,66.7,3,3,3,-0.1197,0.0,-0.1197,0.0,0.0,-0.1197,0.0,-0.1197,0.0,LOW,3,1,2
2026-06-29,-32.54,1.0539,5,4,1,80.0,5,5,4,0.4834,0.5705,1.6031,-1.1198,0.5705,1.0539,0.0,2.1736,-1.1198,LOW,5,1,4
2026-06-30,409.79,1.5169,3,3,0,100.0,3,3,3,1.5169,0.0,1.5169,0.0,0.0,1.5169,0.0,1.5169,0.0,LOW,3,0,3
2026-07-01,-157.71,-0.5813,2,1,1,50.0,2,2,2,-0.5813,0.0,-0.5813,0.0,0.0,-0.5813,0.0,-0.5813,0.0,LOW,2,1,1
2026-07-02,853.82,1.7654,5,4,1,80.0,5,5,5,1.7654,0.0,0.4147,1.3508,0.0,-0.113,1.8785,0.4147,1.3508,LOW,5,1,4
2026-07-03,-803.21,-2.8626,4,1,3,25.0,4,4,4,-2.8626,0.0,-2.8626,0.0,0.0,0.4619,-3.3245,-2.8626,0.0,LOW,4,3,1
2026-07-06,1305.68,3.1158,4,4,0,100.0,4,4,3,2.8373,0.2785,1.2117,1.6256,0.2785,3.1158,0.0,1.4902,1.6256,LOW,4,0,4
2026-07-07,-505.26,-1.8221,3,1,2,33.3,4,4,3,-1.8221,0.0,-1.8221,0.0,0.0,-1.8221,0.0,-1.8221,0.0,LOW,3,2,1
2026-07-08,-36.32,-0.126,3,2,1,66.7,4,4,3,-0.126,0.0,-0.126,0.0,0.0,0.518,-0.6441,-0.126,0.0,LOW,3,1,2
2026-07-09,105.38,0.4084,1,1,0,100.0,1,1,1,0.4084,0.0,0.4084,0.0,0.0,0.4084,0.0,0.4084,0.0,LOW,1,0,1
2026-07-10,129.77,0.4675,4,3,1,75.0,4,4,4,0.4675,0.0,0.4675,0.0,0.0,0.4675,0.0,0.4675,0.0,LOW,4,1,3
2026-07-13,1621.31,3.9569,6,5,1,83.3,6,6,5,4.2734,-0.3165,2.3606,1.9128,-0.3165,3.9569,0.0,2.0441,1.9128,LOW,6,1,5
2026-07-14,122.78,0.4499,1,1,0,100.0,2,2,1,0.4499,0.0,0.4499,0.0,0.0,0.0,0.4499,0.4499,0.0,LOW,1,0,1
2026-07-15,1322.89,2.8881,3,3,0,100.0,3,3,3,2.8881,0.0,1.0096,1.8785,0.0,2.8881,0.0,1.0096,1.8785,LOW,3,0,3
2026-07-16,-164.97,-0.6189,2,1,1,50.0,3,3,2,-0.6189,0.0,-0.6189,0.0,0.0,-1.105,0.4862,-0.6189,0.0,LOW,2,1,1
2026-07-17,-354.37,-1.3587,4,2,2,50.0,5,5,4,-1.3587,0.0,-1.3587,0.0,0.0,0.4612,-1.8199,-1.3587,0.0,LOW,4,2,2
2026-07-20,-40.3,-0.0948,4,2,2,50.0,4,4,3,0.0513,-0.1461,0.0513,0.0,-0.1461,-0.0948,0.0,-0.0948,0.0,LOW,4,2,2
2026-07-21,437.05,1.6261,3,3,0,100.0,3,3,3,1.6261,0.0,1.6261,0.0,0.0,1.6261,0.0,1.6261,0.0,LOW,3,0,3
2026-07-22,150.31,0.5546,1,1,0,100.0,1,1,1,0.5546,0.0,0.5546,0.0,0.0,0.0,0.5546,0.5546,0.0,LOW,1,0,1
2026-07-23,521.77,0.8939,4,3,1,75.0,4,4,4,0.8939,0.0,-0.0197,0.9136,0.0,0.8939,0.0,-0.0197,0.9136,LOW,4,1,3
2026-07-24,-54.5,-0.2055,3,2,1,66.7,4,4,3,-0.2055,0.0,-0.2055,0.0,0.0,0.3988,-0.6043,-0.2055,0.0,LOW,3,1,2
2026-07-27,55.34,0.1849,5,3,2,60.0,5,5,4,0.6647,-0.4799,0.6647,0.0,-0.4799,0.746,-0.5611,0.1849,0.0,LOW,5,2,3
2026-07-28,236.3,0.8815,2,2,0,100.0,2,2,2,0.8815,0.0,0.8815,0.0,0.0,0.4498,0.4317,0.8815,0.0,LOW,2,0,2
2026-07-29,-19.34,-0.0833,3,2,1,66.7,3,3,3,-0.0833,0.0,-0.0833,0.0,0.0,-0.0833,0.0,-0.0833,0.0,LOW,3,1,2
2026-07-31,516.57,1.917,3,3,0,100.0,3,3,3,1.917,0.0,1.917,0.0,0.0,0.0,1.917,1.917,0.0,HIGH,3,0,3
2026-08-03,134.57,0.3883,5,3,2,60.0,5,5,4,1.0963,-0.708,1.0963,0.0,-0.708,0.3883,0.0,0.3883,0.0,HIGH,5,2,3
2026-08-04,-275.99,-1.0515,1,0,1,0.0,4,4,1,-1.0515,0.0,-1.0515,0.0,0.0,0.0,-1.0515,-1.0515,0.0,NORMAL,1,1,0
2026-08-05,33.79,0.0751,3,2,1,66.7,4,4,3,0.0751,0.0,0.0751,0.0,0.0,0.0751,0.0,0.0751,0.0,LOW,3,1,2
2026-08-07,281.89,1.0317,2,2,0,100.0,2,2,2,1.0317,0.0,1.0317,0.0,0.0,0.5229,0.5088,1.0317,0.0,LOW,2,0,2
2026-08-10,-541.38,-2.0103,3,1,2,33.3,3,3,2,-2.1451,0.1348,-2.1451,0.0,0.1348,0.1348,-2.1451,-2.0103,0.0,NORMAL,3,2,1
2026-08-11,-290.68,-1.07,4,2,2,50.0,4,4,4,-1.07,0.0,-1.07,0.0,0.0,-1.07,0.0,-1.07,0.0,LOW,4,2,2
2026-08-12,256.46,0.9582,2,2,0,100.0,2,2,2,0.9582,0.0,0.9582,0.0,0.0,0.4583,0.4999,0.9582,0.0,LOW,2,0,2
2026-08-13,140.25,0.5107,1,1,0,100.0,1,1,1,0.5107,0.0,0.5107,0.0,0.0,0.5107,0.0,0.5107,0.0,LOW,1,0,1
